Show Name,Episode Name,Genre(s),Watchtime (Min),Year of Release,Episode Rating,Votes
 Shingeki no Kyojin,Hero,"Animation, Action, Adventure            ",24 min,2019,9.9,"87,396"
 Shingeki no Kyojin,Perfect Game,"Animation, Action, Adventure            ",24 min,2019,9.9,"47,705"
 Mr. Robot,407 Proxy Authentication Required,"Crime, Drama, Thriller            ",56 min,2019,9.9,"26,621"
 Shingeki no Kyojin,Senshi,"Animation, Action, Adventure            ",24 min,2017,9.9,"30,286"
 Game of Thrones,The Winds of Winter,"Action, Adventure, Drama            ",68 min,2016,9.9,"142,805"
 Game of Thrones,Battle of the Bastards,"Action, Adventure, Drama            ",60 min,2016,9.9,"202,699"
 Game of Thrones,Hardhome,"Action, Adventure, Drama            ",61 min,2015,9.9,"98,072"
 Gintama,Ghosts Aren't the Only Ones Who Go Crazy in Graveyards,"Animation, Action, Comedy            ",24 min,2011,9.9,"1,043"
 Breaking Bad,Felina,"Crime, Drama, Thriller            ",55 min,2013,9.9,"107,787"
 Breaking Bad,Ozymandias,"Crime, Drama, Thriller            ",48 min,2013,9.9,"162,030"
 Game of Thrones,The Rains of Castamere,"Action, Adventure, Drama            ",51 min,2013,9.9,"100,612"
 Shingeki no Kyojin,"From You, 2000 Years Ago","Animation, Action, Adventure            ",24 min,2022,9.9,"42,586"
 Shingeki no Kyojin,Memories of the Future,"Animation, Action, Adventure            ",24 min,2022,9.9,"44,277"
 Breaking Bad,Face Off,"Crime, Drama, Thriller            ",51 min,2011,9.9,"55,840"
 Shingeki no Kyojin,Assault,"Animation, Action, Adventure            ",24 min,2021,9.9,"70,860"
 Shingeki no Kyojin,The War Hammer Titan,"Animation, Action, Adventure            ",24 min,2021,9.9,"53,736"
 Shingeki no Kyojin,Declaration of War,"Animation, Action, Adventure            ",24 min,2021,9.9,"54,985"
 Vinland Saga,End of The Prologue,"Animation, Action, Adventure            ",24 min,2019,9.9,"7,326"
 BoJack Horseman,The View from Halfway Down,"Animation, Comedy, Drama            ",26 min,2020,9.9,"14,357"
 Shingeki no Kyojin,That Day,"Animation, Action, Adventure            ",24 min,2019,9.9,"34,318"
 Shingeki no Kyojin,Midnight Sun,"Animation, Action, Adventure            ",24 min,2019,9.9,"38,693"
 Six Feet Under,Everyone's Waiting,"Comedy, Drama            ",73 min,2005,9.9,"9,303"
 Star Wars: The Clone Wars,Victory and Death,"Animation, Action, Adventure            ",23 min,2020,9.8,"12,345"
 Star Wars: The Clone Wars,Shattered,"Animation, Action, Adventure            ",26 min,2020,9.8,"11,199"
 Star Wars: The Clone Wars,The Phantom Apprentice,"Animation, Action, Adventure            ",27 min,2020,9.8,"12,267"
 Chernobyl,Vichnaya Pamyat,"Drama, History, Thriller            ",72 min,2019,9.8,"58,193"
 Barry,ronny/lily,"Action, Comedy, Crime            ",38 min,2019,9.8,"8,349"
 Better Call Saul,Bad Choice Road,"Crime, Drama            ",59 min,2020,9.8,"15,314"
 Boku no hîrô akademia,One For All,"Animation, Action, Adventure            ",23 min,2018,9.8,"5,342"
 BoJack Horseman,Free Churro,"Animation, Comedy, Drama            ",26 min,2018,9.8,"13,676"
 Violet Evergarden,Loved Ones Will Always Watch Over You,"Animation, Drama, Fantasy            ",24 min,2018,9.8,"3,524"
 Mr. Robot,409 Conflict,"Crime, Drama, Thriller            ",47 min,2019,9.8,"11,799"
 Shingeki no Kyojin,Scream,"Animation, Action, Adventure            ",24 min,2017,9.8,"22,464"
 BoJack Horseman,Time's Arrow,"Animation, Comedy, Drama            ",25 min,2017,9.8,"10,051"
 Regular Show,A Regular Epic Final Battle,"Animation, Action, Adventure            ",11 min,2017,9.8,"4,171"
 Game of Thrones,The Spoils of War,"Action, Adventure, Drama            ",50 min,2017,9.8,"86,153"
 Gintama,Sworn Enemy,"Animation, Action, Comedy            ",24 min,2016,9.8,"1,620"
 Rick and Morty,The Ricklantis Mixup,"Animation, Adventure, Comedy            ",22 min,2017,9.8,"30,363"
 Gravity Falls,Weirdmageddon 3: Take Back the Falls,"Animation, Action, Adventure            ",44 min,2016,9.8,"4,514"
 Suits,Faith,"Comedy, Drama            ",45 min,2015,9.8,"8,937"
 Person of Interest,Return 0,"Action, Crime, Drama            ",43 min,2016,9.8,"10,116"
 Person of Interest,The Day the World Went Away,"Action, Crime, Drama            ",43 min,2016,9.8,"6,161"
 Person of Interest,YHWH,"Action, Crime, Drama            ",44 min,2015,9.8,"6,717"
 Gravity Falls,Not What He Seems,"Animation, Action, Adventure            ",23 min,2015,9.8,"5,018"
 Person of Interest,If-Then-Else,"Action, Crime, Drama            ",43 min,2015,9.8,"12,334"
 Hannibal,The Wrath of the Lamb,"Crime, Drama, Horror            ",43 min,2015,9.8,"13,706"
 Hunter x Hunter,This Person × and × This Moment,"Animation, Action, Adventure            ",23 min,2014,9.8,"4,157"
 It's Always Sunny in Philadelphia,Charlie Work,Comedy            ,23 min,2015,9.8,"7,849"
 Hunter x Hunter,Anger × and × Light,"Animation, Action, Adventure            ",23 min,2014,9.8,"5,464"
 Regular Show,Skips' Story,"Animation, Action, Adventure            ",23 min,2014,9.8,"2,376"
 Hunter x Hunter,Zero × and × Rose,"Animation, Action, Adventure            ",23 min,2014,9.8,"5,551"
 Person of Interest,The Devil's Share,"Action, Crime, Drama            ",43 min,2013,9.8,"5,941"
 Person of Interest,The Crossing,"Action, Crime, Drama            ",44 min,2013,9.8,"5,914"
 Hannibal,Mizumono,"Crime, Drama, Horror            ",44 min,2014,9.8,"19,100"
 Young Justice,Endgame,"Animation, Action, Adventure            ",20 min,2013,9.8,"2,182"
 Young Justice,Summit,"Animation, Action, Adventure            ",22 min,2013,9.8,"2,312"
 The Office,Finale,Comedy            ,51 min,2013,9.8,"16,356"
 Regular Show,Exit 9B,"Animation, Action, Adventure            ",23 min,2012,9.8,"2,494"
 Breaking Bad,To'hajiilee,"Crime, Drama, Thriller            ",47 min,2013,9.8,"40,980"
 Young Justice,Auld Acquaintance,"Animation, Action, Adventure            ",22 min,2012,9.8,"2,343"
 Community,Remedial Chaos Theory,Comedy            ,22 min,2011,9.8,"11,011"
 The Office,"Goodbye, Michael",Comedy            ,50 min,2011,9.8,"13,310"
 Community,Modern Warfare,Comedy            ,20 min,2010,9.8,"11,838"
 Succession,All the Bells Say,Drama            ,66 min,2021,9.8,"8,043"
 Dhindora,Samay Ka Pahiya,Comedy            ,17 min,2021,9.8,"7,631"
 Dhindora,Toota Ek Taara,Comedy            ,21 min,2021,9.8,"16,731"
 Dhindora,DTYDHTB,Comedy            ,16 min,2021,9.8,"12,312"
 Dhindora,Erection in progress,Comedy            ,17 min,2021,9.8,"12,532"
 Dhindora,Saste Sherlock,Comedy            ,20 min,2021,9.8,"11,143"
 Dhindora,Nano Thug Lenge,Comedy            ,17 min,2021,9.8,"9,443"
 Dhindora,Baasi Roti,Comedy            ,15 min,2021,9.8,"10,183"
 Dhindora,Lag Gayi,Comedy            ,22 min,2021,9.8,"26,635"
 Fumetsu no Anata e,Awakening,"Animation, Adventure, Drama            ",25 min,2021,9.8,"1,105"
 Fumetsu no Anata e,Those Who Follow,"Animation, Adventure, Drama            ",25 min,2021,9.8,"1,264"
 Dexter,The Getaway,"Crime, Drama, Mystery            ",51 min,2009,9.8,"13,113"
 Shingeki no Kyojin,Savagery,"Animation, Action, Adventure            ",24 min,2021,9.8,"24,282"
 Black Clover,Faraway Future,"Animation, Action, Adventure            ",24 min,2021,9.8,"2,308"
 Scrubs,My Finale: Part 2,"Comedy, Drama            ",22 min,2009,9.8,"4,444"
 Re:Zero kara hajimeru isekai seikatsu,Love Me Down to My Blood and Guts,"Animation, Adventure, Drama            ",30 min,2021,9.8,"2,374"
 Kôdo giasu - Hangyaku no rurûshu: Code Geass - Lelouch of the Rebellion,Re;,"Animation, Action, Drama            ",24 min,2008,9.8,"6,335"
 The Mandalorian,Chapter 16: The Rescue,"Action, Adventure, Fantasy            ",44 min,2020,9.8,"52,010"
 House M.D.,Wilson's Heart,"Drama, Mystery            ",45 min,2008,9.8,"8,766"
 House M.D.,House's Head,"Drama, Mystery            ",44 min,2008,9.8,"9,317"
 Avatar: The Last Airbender,"Sozin's Comet, Part 4: Avatar Aang","Animation, Action, Adventure            ",21 min,2008,9.8,"10,677"
 Avatar: The Last Airbender,Sozin's Comet,"Animation, Action, Adventure            ",22 min,2008,9.8,"6,304"
 Black Clover,The Final Attack,"Animation, Action, Adventure            ",N/A,2020,9.8,"1,368"
 Succession,This Is Not for Tears,Drama            ,74 min,2019,9.8,"7,167"
 Warrior,Enter the Dragon,"Action, Crime, Drama            ",57 min,2020,9.8,"1,856"
 Black Clover,We Won't Lose to You,"Animation, Action, Adventure            ",24 min,2019,9.8,"1,285"
 Mr. Robot,"Hello, Elliot","Crime, Drama, Thriller            ",51 min,2019,9.8,"16,278"
 Black Clover,Julius Novachrono,"Animation, Action, Adventure            ",24 min,2019,9.8,"1,629"
 Shingeki no Kyojin,Attack Titan,"Animation, Action, Adventure            ",24 min,2019,9.8,"19,989"
 Doctor Who,Blink,"Adventure, Drama, Sci-Fi            ",45 min,2007,9.8,"20,033"
 The West Wing,Two Cathedrals,Drama            ,43 min,2001,9.8,"2,933"
 JoJo no kimyô-na bôken,The Mystery of King Crimson,"Animation, Action, Adventure            ",25 min,2019,9.7,"1,192"
 Shingeki no Kyojin,Descent,"Animation, Action, Adventure            ",24 min,2019,9.7,"17,687"
 Shingeki no Kyojin,Thunder Spears,"Animation, Action, Adventure            ",24 min,2019,9.7,"17,006"
 Invincible,Where I Really Come From,"Animation, Action, Adventure            ",45 min,2021,9.7,"9,197"
 Yakusoku no Neverland,150146,"Animation, Action, Adventure            ",23 min,2019,9.7,"4,574"
 Steven Universe,Change Your Mind,"Animation, Action, Adventure            ",44 min,2019,9.7,"3,844"
 Star Wars: The Clone Wars,Old Friends Not Forgotten,"Animation, Action, Adventure            ",27 min,2020,9.7,"9,355"
 Shingeki no Kyojin,The Town Where Everything Began,"Animation, Action, Adventure            ",24 min,2019,9.7,"17,362"
 Better Call Saul,Bagman,"Crime, Drama            ",54 min,2020,9.7,"15,208"
 Shingeki no Kyojin,Wish,"Animation, Action, Adventure            ",24 min,2018,9.7,"15,159"
 Steven Universe,Reunited,"Animation, Action, Adventure            ",22 min,2018,9.7,"2,001"
 Lucifer,Who's da New King of Hell?,"Crime, Drama, Fantasy            ",55 min,2019,9.7,"9,900"
 Lucifer,A Devil of My Word,"Crime, Drama, Fantasy            ",43 min,2018,9.7,"13,415"
 Steven Universe,A Single Pale Rose,"Animation, Action, Adventure            ",11 min,2018,9.7,"2,061"
 Adventure Time,Come Along With Me,"Animation, Action, Adventure            ",44 min,2018,9.7,"3,137"
 Mr. Robot,405 Method Not Allowed,"Crime, Drama, Thriller            ",49 min,2019,9.7,"12,037"
 Atlanta,Teddy Perkins,"Comedy, Drama, Music            ",35 min,2018,9.7,"6,355"
 Young Justice,Terminus,"Animation, Action, Adventure            ",22 min,2019,9.7,"1,751"
 Young Justice,Evolution,"Animation, Action, Adventure            ",24 min,2019,9.7,"1,905"
 Boku no hîrô akademia,Shoto Todoroki: Origin,"Animation, Action, Adventure            ",23 min,2017,9.7,"2,620"
 Shingeki no Kyojin,Totsugeki,"Animation, Action, Adventure            ",24 min,2017,9.7,"13,408"
 Shingeki no Kyojin,Da Tou Kyou,"Animation, Action, Adventure            ",24 min,2017,9.7,"13,941"
 Samurai Jack,Episode XCIV,"Animation, Action, Adventure            ",22 min,2017,9.7,"1,385"
 Samurai Jack,Episode XCIII,"Animation, Action, Adventure            ",22 min,2017,9.7,"1,918"
 Mr. Robot,eps3.5_kill-pr0cess.inc,"Crime, Drama, Thriller            ",45 min,2017,9.7,"9,280"
 Mr. Robot,eps3.4_runtime-err0r.r00,"Crime, Drama, Thriller            ",45 min,2017,9.7,"10,300"
 This Is Us,Super Bowl Sunday,"Comedy, Drama, Romance            ",46 min,2018,9.7,"5,590"
 Regular Show,Cheer Up Pops,"Animation, Action, Adventure            ",11 min,2017,9.7,"2,233"
 Regular Show,Meet the Seer,"Animation, Action, Adventure            ",11 min,2017,9.7,"2,219"
 JoJo no kimyô-na bôken,"Goodbye, Morioh - The Heart of Gold","Animation, Action, Adventure            ",23 min,2016,9.7,"1,356"
 Regular Show,No Train No Gain,"Animation, Action, Adventure            ",11 min,2016,9.7,"2,181"
 Haikyuu!!,The Absolute Limit Switch,"Animation, Comedy, Drama            ",24 min,2016,9.7,"1,076"
 Billions,Golden Frog Time,Drama            ,58 min,2017,9.7,"2,892"
 Steven Universe,Mr. Greg,"Animation, Action, Adventure            ",11 min,2016,9.7,"1,912"
 The Americans,START,"Crime, Drama, Mystery            ",69 min,2018,9.7,"3,960"
 Better Call Saul,Chicanery,"Crime, Drama            ",49 min,2017,9.7,"14,908"
 Arrow,Lian Yu,"Action, Adventure, Crime            ",42 min,2017,9.7,"7,701"
 Star Wars: Rebels,Twilight of the Apprentice: Part 2,"Animation, Action, Adventure            ",44 min,2016,9.7,"5,012"
 Westworld,The Bicameral Mind,"Drama, Mystery, Sci-Fi            ",90 min,2016,9.7,"29,288"
 Shigatsu wa kimi no uso,Spring Breeze,"Animation, Drama, Music            ",N/A,2015,9.7,"1,579"
 The Walking Dead,No Way Out,"Drama, Horror, Thriller            ",43 min,2016,9.7,"27,536"
 Steven Universe,Jail Break,"Animation, Action, Adventure            ",11 min,2015,9.7,"2,149"
 Game of Thrones,The Door,"Action, Adventure, Drama            ",57 min,2016,9.7,"69,303"
 Regular Show,White Elephant Gift Exchange,"Animation, Action, Adventure            ",11 min,2014,9.7,"2,130"
 Justified,The Promise,"Action, Crime, Drama            ",48 min,2015,9.7,"2,375"
 Person of Interest,Deus Ex Machina,"Action, Crime, Drama            ",43 min,2014,9.7,"5,485"
 Shingeki no Kyojin,"Iron Hammer: The 57th Expedition Beyond the Walls, Part 5","Animation, Action, Adventure            ",24 min,2013,9.7,"14,231"
 Patito feo,Episode #1.4,"Comedy, Drama, Family            ",N/A,2007,9.7,"1,102"
 Game of Thrones,The Laws of Gods and Men,"Action, Adventure, Drama            ",51 min,2014,9.7,"49,456"
 Game of Thrones,The Children,"Action, Adventure, Drama            ",65 min,2014,9.7,"44,281"
 Game of Thrones,The Mountain and the Viper,"Action, Adventure, Drama            ",52 min,2014,9.7,"52,235"
 The Walking Dead,Too Far Gone,"Drama, Horror, Thriller            ",43 min,2013,9.7,"25,398"
 Game of Thrones,The Lion and the Rose,"Action, Adventure, Drama            ",52 min,2014,9.7,"52,217"
 True Detective,Who Goes There,"Crime, Drama, Mystery            ",56 min,2014,9.7,"26,630"
 Young Justice,Complications,"Animation, Action, Adventure            ",22 min,2013,9.7,"1,965"
 Young Justice,War,"Animation, Action, Adventure            ",22 min,2013,9.7,"1,969"
 Star Wars: The Clone Wars,The Wrong Jedi,"Animation, Action, Adventure            ",23 min,2013,9.7,"4,506"
 Spartacus: Blood and Sand,Victory,"Action, Adventure, Biography            ",58 min,2013,9.7,"7,822"
 Star Wars: The Clone Wars,The Lawless,"Animation, Action, Adventure            ",23 min,2013,9.7,"4,798"
 Regular Show,The Christmas Special,"Animation, Action, Adventure            ",23 min,2012,9.7,"2,279"
 Person of Interest,Firewall,"Action, Crime, Drama            ",44 min,2012,9.7,"5,318"
 Breaking Bad,Dead Freight,"Crime, Drama, Thriller            ",48 min,2012,9.7,"30,199"
 Breaking Bad,Granite State,"Crime, Drama, Thriller            ",55 min,2013,9.7,"40,871"
 Regular Show,Eggscellent,"Animation, Action, Adventure            ",11 min,2012,9.7,"2,402"
 Young Justice,Depths,"Animation, Action, Adventure            ",20 min,2012,9.7,"2,072"
 Young Justice,Usual Suspects,"Animation, Action, Adventure            ",22 min,2012,9.7,"2,104"
 Game of Thrones,Blackwater,"Action, Adventure, Drama            ",55 min,2012,9.7,"46,372"
 Young Justice,Failsafe,"Animation, Action, Adventure            ",22 min,2011,9.7,"2,223"
 Demon Slayer: Kimetsu No Yaiba,Never Give Up,"Animation, Action, Adventure            ",24 min,2022,9.7,"14,496"
 Shingeki no Kyojin,Two Brothers,"Animation, Action, Adventure            ",24 min,2022,9.7,"54,124"
 Campus Diaries,Episode #1.12,"Comedy, Drama, Romance            ",N/A,2022,9.7,"1,194"
 Breaking Bad,Crawl Space,"Crime, Drama, Thriller            ",45 min,2011,9.7,"29,030"
 Grey's Anatomy,Sanctuary,"Drama, Romance            ",60 min,2010,9.7,"3,043"
 Grey's Anatomy,Death and All His Friends,"Drama, Romance            ",60 min,2010,9.7,"3,408"
 Community,A Fistful of Paintballs,Comedy            ,30 min,2011,9.7,"7,143"
 Friday Night Lights,Always,"Drama, Sport            ",61 min,2011,9.7,"1,073"
 Supernatural,Swan Song,"Drama, Fantasy, Horror            ",42 min,2010,9.7,"9,822"
 Mad Men,The Suitcase,Drama            ,48 min,2010,9.7,"5,283"
 Breaking Bad,Full Measure,"Crime, Drama, Thriller            ",47 min,2010,9.7,"26,790"
 Sons of Anarchy,NS,"Crime, Drama, Thriller            ",57 min,2010,9.7,"5,672"
 Arcane: League of Legends,The Monster You Created,"Animation, Action, Adventure            ",39 min,2021,9.7,"13,877"
 Arcane: League of Legends,The Base Violence Necessary for Change,"Animation, Action, Adventure            ",44 min,2021,9.7,"15,229"
 Boku no hîrô akademia,Tenko Shimura: Origin,"Animation, Action, Adventure            ",24 min,2021,9.7,"1,567"
 Spartacus: Blood and Sand,Kill Them All,"Action, Adventure, Biography            ",54 min,2010,9.7,"6,167"
 Supernatural,Changing Channels,"Drama, Fantasy, Horror            ",60 min,2009,9.7,"9,461"
 Tokyo Revengers,A Cry Baby,"Animation, Action, Crime            ",24 min,2021,9.7,"1,280"
 Mad Men,Shut the Door. Have a Seat,Drama            ,60 min,2009,9.7,"4,196"
 Broken But Beautiful,A Sense Of The Ending.,"Drama, Romance            ",N/A,2021,9.7,"4,843"
 House M.D.,Broken,"Drama, Mystery            ",89 min,2009,9.7,"8,375"
 Castlevania,The Endings,"Animation, Action, Adventure            ",31 min,2021,9.7,"2,795"
 Jujutsu Kaisen,Non-Standard,"Animation, Action, Adventure            ",24 min,2021,9.7,"5,900"
 Shingeki no Kyojin,Sole Salvation,"Animation, Action, Adventure            ",24 min,2021,9.7,"21,856"
 Re:Zero kara hajimeru isekai seikatsu,Choose me,"Animation, Adventure, Drama            ",30 min,2021,9.7,"1,457"
 Shingeki no Kyojin,Children of the Forest,"Animation, Action, Adventure            ",24 min,2021,9.7,"22,986"
 Black Clover,Black Oath,"Animation, Action, Adventure            ",24 min,2021,9.7,"3,621"
 Black Clover,Captain Yami Sukehiro,"Animation, Action, Adventure            ",24 min,2021,9.7,"3,514"
 Black Clover,Dante vs The Captain of the Black Bulls Squad,"Animation, Action, Adventure            ",24 min,2021,9.7,"1,529"
 Black Clover,The Great War Breaks Out,"Animation, Action, Adventure            ",24 min,2021,9.7,"2,003"
 Black Clover,Zeno's Power,"Animation, Action, Adventure            ",24 min,2021,9.7,"1,324"
 It's Always Sunny in Philadelphia,The Nightman Cometh,Comedy            ,22 min,2008,9.7,"6,222"
 Fumetsu no Anata e,The Last One,"Animation, Adventure, Drama            ",25 min,2021,9.7,"1,698"
 Dark,The Paradise,"Crime, Drama, Mystery            ",73 min,2020,9.7,"21,483"
 Re:Zero kara hajimeru isekai seikatsu,The Taste of Death,"Animation, Adventure, Drama            ",26 min,2020,9.7,"1,199"
 The Office,Stress Relief,Comedy            ,60 min,2009,9.7,"12,756"
 The Midnight Gospel,Mouse of Silver,"Animation, Adventure, Comedy            ",36 min,2020,9.7,"1,954"
 Boku no hîrô akademia,His Start,"Animation, Action, Adventure            ",23 min,2020,9.7,"3,457"
 Boku no hîrô akademia,Infinite 100%,"Animation, Action, Adventure            ",24 min,2020,9.7,"3,338"
 JoJo no kimyô-na bôken,King of Kings,"Animation, Action, Adventure            ",25 min,2019,9.7,"1,091"
 Vinland Saga,A True Warrior,"Animation, Action, Adventure            ",24 min,2019,9.7,"2,880"
 Avatar: The Last Airbender,"The Siege of the North, Part 2","Animation, Action, Adventure            ",24 min,2005,9.7,"3,505"
 Demon Slayer: Kimetsu No Yaiba,Hinokami,"Animation, Action, Adventure            ",24 min,2019,9.7,"13,045"
 JoJo no kimyô-na bôken,Beneath a Sky on the Verge of Falling,"Animation, Action, Adventure            ",25 min,2019,9.7,"1,270"
 Shingeki no Kyojin,The Other Side of the Wall,"Animation, Action, Adventure            ",24 min,2019,9.7,"17,007"
 Lost,Through the Looking Glass,"Adventure, Drama, Fantasy            ",84 min,2007,9.7,"11,517"
 The Grand Tour,The Mongolia Special-Survival of the Fattest,"Comedy, Sport, Talk-Show            ",92 min,2019,9.7,"3,357"
 Lost,The Constant,"Adventure, Drama, Fantasy            ",43 min,2008,9.7,"12,443"
 One Tree Hill,"With Tired Eyes, Tired Minds, Tired Souls, We Slept","Drama, Romance, Sport            ",44 min,2006,9.7,"1,455"
 SpongeBob SquarePants,The Secret Box/Band Geeks,"Animation, Comedy, Family            ",23 min,2001,9.7,"3,496"
 The Sopranos,Pine Barrens,"Crime, Drama            ",60 min,2001,9.7,"10,623"
 The Sopranos,Long Term Parking,"Crime, Drama            ",57 min,2004,9.7,"6,893"
 Scrubs,My Screwup,"Comedy, Drama            ",24 min,2004,9.7,"5,154"
 Friends,The One Where Everybody Finds Out,"Comedy, Romance            ",22 min,1999,9.7,"10,877"
 Friends,The Last One,"Comedy, Romance            ",48 min,2004,9.7,"14,397"
 The Fresh Prince of Bel-Air,Papa's Got a Brand New Excuse,Comedy            ,23 min,1994,9.7,"2,807"
 Buffy the Vampire Slayer,The Body,"Action, Drama, Fantasy            ",60 min,2001,9.7,"6,350"
 Buffy the Vampire Slayer,"Once More, with Feeling","Action, Drama, Fantasy            ",50 min,2001,9.7,"9,630"
 Buffy the Vampire Slayer,Hush,"Action, Drama, Fantasy            ",43 min,1999,9.7,"7,149"
 Invincible,We Need to Talk,"Animation, Action, Adventure            ",48 min,2021,9.6,"8,320"
 Agents of S.H.I.E.L.D.,As I Have Always Been,"Action, Adventure, Drama            ",43 min,2020,9.6,"3,086"
 The Last Kingdom,Episode #3.10,"Action, Drama, History            ",50 min,2018,9.6,"3,074"
 The Morning Show,The Interview,Drama            ,66 min,I 2019,9.6,"6,508"
 Chernobyl,"Open Wide, O Earth","Drama, History, Thriller            ",65 min,2019,9.6,"45,490"
 Mr. Robot,whoami,"Crime, Drama, Thriller            ",44 min,2019,9.6,"9,102"
 When They See Us,Part Four,"Biography, Crime, Drama            ",88 min,2019,9.6,"6,277"
 Sahsiyet,Episode #1.12,"Crime, Drama, Mystery            ",96 min,2018,9.6,"1,447"
 Chernobyl,Please Remain Calm,"Drama, History, Thriller            ",65 min,2019,9.6,"48,453"
 12 Monkeys,The Beginning Part 2,"Adventure, Drama, Mystery            ",48 min,2018,9.6,"1,670"
 BoJack Horseman,The Showstopper,"Animation, Comedy, Drama            ",26 min,2018,9.6,"4,987"
 Brooklyn Nine-Nine,The Box,"Comedy, Crime            ",21 min,2018,9.6,"6,479"
 How to Get Away with Murder,Live. Live. Live.,"Crime, Drama, Mystery            ",42 min,2017,9.6,"2,646"
 Nathan for You,Finding Frances,"Documentary, Comedy            ",120 min,2017,9.6,"2,405"
 The 100,Damocles: Part Two,"Drama, Mystery, Sci-Fi            ",42 min,2018,9.6,"5,699"
 Young Justice,Overwhelmed,"Animation, Action, Adventure            ",23 min,2019,9.6,"1,725"
 Better Call Saul,Winner,"Crime, Drama            ",61 min,2018,9.6,"9,875"
 Steven Universe,Lars' Head,"Animation, Action, Adventure            ",11 min,2017,9.6,"1,378"
 Supernatural,ScoobyNatural,"Drama, Fantasy, Horror            ",42 min,2018,9.6,"7,625"
 Daredevil,A New Napkin,"Action, Crime, Drama            ",54 min,2018,9.6,"8,360"
 Daredevil,The Devil You Know,"Action, Crime, Drama            ",54 min,2018,9.6,"7,466"
 Daredevil,Blindsided,"Action, Crime, Drama            ",54 min,2018,9.6,"8,836"
 Mr. Robot,shutdown -r,"Crime, Drama, Thriller            ",57 min,2017,9.6,"7,107"
 Code Black,Fallen Angels,Drama            ,43 min,2017,9.6,"1,183"
 Adventure Time,Islands Part 6: Min and Marty,"Animation, Action, Adventure            ",11 min,2017,9.6,"1,347"
 Code Black,The Devil's Workshop,Drama            ,42 min,2017,9.6,"1,142"
 Code Black,Unfinished Business,Drama            ,42 min,2017,9.6,"1,284"
 JoJo no kimyô-na bôken,"Crazy Diamond Is Unbreakable, Part 2","Animation, Action, Adventure            ",23 min,2016,9.6,"1,118"
 JoJo no kimyô-na bôken,"Another One Bites the Dust, Part 2","Animation, Action, Adventure            ",23 min,2016,9.6,"1,155"
 Vikings,All His Angels,"Action, Adventure, Drama            ",44 min,2016,9.6,"12,842"
 JoJo no kimyô-na bôken,"Sheer Heart Attack, Part 2","Animation, Action, Adventure            ",23 min,2016,9.6,"1,134"
 JoJo no kimyô-na bôken,"Yoshikage Kira Just Wants to Live Quietly, Part 2","Animation, Action, Adventure            ",23 min,2016,9.6,"1,130"
 Steven Universe,The Trial,"Animation, Action, Adventure            ",11 min,2017,9.6,"1,541"
 Steven Universe,That Will Be All,"Animation, Action, Adventure            ",11 min,2017,9.6,"1,546"
 Suits,Character and Fitness,"Comedy, Drama            ",44 min,2017,9.6,"4,412"
 Steven Universe,Bismuth,"Animation, Action, Adventure            ",22 min,2016,9.6,"1,724"
 Re:Zero kara hajimeru isekai seikatsu,The Outside of Madness,"Animation, Adventure, Drama            ",24 min,2016,9.6,"1,522"
 Suits,P.S.L.,"Comedy, Drama            ",44 min,2016,9.6,"3,843"
 Steven Universe,The Answer,"Animation, Action, Adventure            ",11 min,2016,9.6,"1,590"
 One Punch Man: Wanpanman,Saikyô no hîrô,"Animation, Action, Comedy            ",24 min,2015,9.6,"5,348"
 Code Black,Diagnosis of Exclusion,Drama            ,41 min,2016,9.6,"1,143"
 BoJack Horseman,"That's Too Much, Man!","Animation, Comedy, Drama            ",25 min,2016,9.6,"6,709"
 BoJack Horseman,Fish Out of Water,"Animation, Comedy, Drama            ",25 min,2016,9.6,"8,897"
 Rick and Morty,The Rickshank Rickdemption,"Animation, Adventure, Comedy            ",22 min,2017,9.6,"20,285"
 Suits,Tick Tock,"Comedy, Drama            ",43 min,2016,9.6,"3,714"
 How to Get Away with Murder,What Did We Do?,"Crime, Drama, Mystery            ",43 min,2015,9.6,"3,386"
 Line of Duty,Breach,"Crime, Drama, Mystery            ",88 min,2016,9.6,"2,301"
 The Originals,The Bloody Crown,"Drama, Fantasy, Horror            ",42 min,2016,9.6,"1,804"
 Rick and Morty,Total Rickall,"Animation, Adventure, Comedy            ",22 min,2015,9.6,"16,981"
 JoJo no kimyô-na bôken,"Long Journey Farewell, My Friends","Animation, Action, Adventure            ",25 min,2015,9.6,"1,345"
 JoJo no kimyô-na bôken,"Dio's World, Part 3","Animation, Action, Adventure            ",23 min,2015,9.6,"1,335"
 JoJo no kimyô-na bôken,"Dio's World, Part 2","Animation, Action, Adventure            ",23 min,2015,9.6,"1,266"
 Twin Peaks,Part 16,"Crime, Drama, Horror            ",57 min,2017,9.6,"5,037"
 Doctor Who,Heaven Sent,"Adventure, Drama, Sci-Fi            ",55 min,2015,9.6,"10,591"
 Person of Interest,.exe,"Action, Crime, Drama            ",44 min,2016,9.6,"3,643"
 Regular Show,Brilliant Century Duck Crisis Special,"Animation, Action, Adventure            ",23 min,2015,9.6,"2,172"
 Gravity Falls,A Tale of Two Stans,"Animation, Action, Adventure            ",30 min,2015,9.6,"2,805"
 Steven Universe,Rose's Scabbard,"Animation, Action, Adventure            ",11 min,2015,9.6,"1,793"
 The Leftovers,International Assassin,"Drama, Fantasy, Mystery            ",63 min,2015,9.6,"8,146"
 Person of Interest,Asylum,"Action, Crime, Drama            ",43 min,2015,9.6,"4,030"
 The Leftovers,I Live Here Now,"Drama, Fantasy, Mystery            ",73 min,2015,9.6,"7,411"
 Banshee,Requiem,"Action, Crime, Drama            ",59 min,2016,9.6,"2,788"
 Black Sails,XXVIII.,"Action, Adventure, Drama            ",49 min,2016,9.6,"3,065"
 Peaky Blinders,Episode #3.6,"Crime, Drama            ",57 min,2016,9.6,"9,121"
 The Flash,Fast Enough,"Action, Adventure, Drama            ",44 min,2015,9.6,"12,225"
 The Flash,Out of Time,"Action, Adventure, Drama            ",42 min,2015,9.6,"14,160"
 Person of Interest,The Devil You Know,"Action, Crime, Drama            ",43 min,2014,9.6,"3,546"
 Shingeki no Kyojin,OVA: No Regrets - Part 2,"Animation, Action, Adventure            ",30 min,2015,9.6,"5,430"
 Homeland,There's Something Else Going On,"Crime, Drama, Mystery            ",48 min,2014,9.6,"6,234"
 Arrow,The Climb,"Action, Adventure, Crime            ",42 min,2014,9.6,"11,936"
 Outlander,Dragonfly in Amber,"Drama, Fantasy, Romance            ",90 min,2016,9.6,"4,619"
 Sons of Anarchy,Papa's Goods,"Crime, Drama, Thriller            ",77 min,2014,9.6,"6,723"
 The Legend of Korra,Venom of the Red Lotus,"Animation, Action, Adventure            ",23 min,2014,9.6,"3,501"
 Banshee,A Fixer of Sorts,"Action, Crime, Drama            ",58 min,2015,9.6,"3,338"
 Parks and Recreation,Leslie and Ron,Comedy            ,22 min,2015,9.6,"3,782"
 Parks and Recreation,One Last Ride,Comedy            ,44 min,2015,9.6,"4,608"
 Black Sails,XVIII.,"Action, Adventure, Drama            ",53 min,2015,9.6,"3,403"
 Peaky Blinders,Episode #2.6,"Crime, Drama            ",59 min,2014,9.6,"10,291"
 Hunter x Hunter,Charge × and × Invade,"Animation, Action, Adventure            ",23 min,2014,9.6,"1,598"
 The Originals,From a Cradle to a Grave,"Drama, Fantasy, Horror            ",42 min,2014,9.6,"2,751"
 The Walking Dead,No Sanctuary,"Drama, Horror, Thriller            ",42 min,2014,9.6,"26,158"
 The Good Wife,Hitting the Fan,"Crime, Drama, Mystery            ",43 min,2013,9.6,"1,714"
 Person of Interest,Endgame,"Action, Crime, Drama            ",44 min,2013,9.6,"3,727"
 Glee,The Quarterback,"Comedy, Drama, Music            ",45 min,2013,9.6,"3,329"
 Game of Thrones,The Watchers on the Wall,"Action, Adventure, Drama            ",51 min,2014,9.6,"44,837"
 Person of Interest,Zero Day,"Action, Crime, Drama            ",44 min,2013,9.6,"3,554"
 Person of Interest,God Mode,"Action, Crime, Drama            ",44 min,2013,9.6,"4,018"
 House of Cards,Chapter 14,Drama            ,50 min,2014,9.6,"8,847"
 Regular Show,A Bunch of Full Grown Geese,"Animation, Action, Adventure            ",11 min,2013,9.6,"2,170"
 True Detective,Form and Void,"Crime, Drama, Mystery            ",54 min,2014,9.6,"22,797"
 True Detective,The Secret Fate of All Life,"Crime, Drama, Mystery            ",57 min,2014,9.6,"19,784"
 Adventure Time,Simon & Marcy,"Animation, Action, Adventure            ",10 min,2013,9.6,"2,327"
 Hunter x Hunter,Condition × and × Condition,"Animation, Action, Adventure            ",23 min,2012,9.6,"1,850"
 Adventure Time,I Remember You,"Animation, Action, Adventure            ",23 min,2012,9.6,"2,424"
 Young Justice,Bloodlines,"Animation, Action, Adventure            ",22 min,2012,9.6,"2,060"
 Breaking Bad,Gliding Over All,"Crime, Drama, Thriller            ",48 min,2012,9.6,"27,340"
 Breaking Bad,Say My Name,"Crime, Drama, Thriller            ",48 min,2012,9.6,"27,104"
 Breaking Bad,Confessions,"Crime, Drama, Thriller            ",48 min,2013,9.6,"28,215"
 The Legend of Korra,"Beginnings, Part 2","Animation, Action, Adventure            ",24 min,2013,9.6,"3,605"
 Game of Thrones,And Now His Watch Is Ended,"Action, Adventure, Drama            ",53 min,2013,9.6,"36,220"
 Steins;Gate,Being Meltdown,"Animation, Comedy, Drama            ",25 min,2011,9.6,"1,651"
 Steins;Gate,Achievement Point,"Animation, Comedy, Drama            ",25 min,2011,9.6,"1,707"
 Young Justice,Coldhearted,"Animation, Action, Adventure            ",22 min,2012,9.6,"2,141"
 Psych,Last Night Gus,"Comedy, Crime, Mystery            ",43 min,2011,9.6,"1,973"
 Regular Show,A Bunch of Baby Ducks,"Animation, Action, Adventure            ",11 min,2011,9.6,"2,333"
 Sherlock,The Reichenbach Fall,"Crime, Drama, Mystery            ",88 min,2012,9.6,"37,619"
 Regular Show,Grave Sight,"Animation, Action, Adventure            ",11 min,2011,9.6,"2,292"
 Community,For a Few Paintballs More,Comedy            ,30 min,2011,9.6,"5,792"
 Game of Thrones,Baelor,"Action, Adventure, Drama            ",57 min,2011,9.6,"42,691"
 Regular Show,Rage Against the TV,"Animation, Action, Adventure            ",11 min,2011,9.6,"2,338"
 Demon Slayer: Kimetsu No Yaiba,Transformation,"Animation, Action, Adventure            ",24 min,2022,9.6,"6,056"
 Breaking Bad,Salud,"Crime, Drama, Thriller            ",47 min,2011,9.6,"25,096"
 Hagane no renkinjutsushi,Tobira no mukougawa,"Animation, Action, Adventure            ",30 min,2010,9.6,"2,631"
 Supernatural,The French Mistake,"Drama, Fantasy, Horror            ",42 min,2011,9.6,"9,524"
 Breaking Bad,One Minute,"Crime, Drama, Thriller            ",47 min,2010,9.6,"24,440"
 Demon Slayer: Kimetsu No Yaiba,Set Your Heart Ablaze,"Animation, Action, Adventure            ",26 min,2021,9.6,"2,982"
 Euphoria,Stand Still Like the Hummingbird,Drama            ,54 min,2022,9.6,"6,782"
 House M.D.,Help Me,"Drama, Mystery            ",43 min,2010,9.6,"4,522"
 Broken But Beautiful,"And so, begin again","Drama, Romance            ",N/A,2021,9.6,"4,875"
 Broken But Beautiful,Eternal Sunshine of the Helpless Mind.,"Drama, Romance            ",N/A,2021,9.6,"4,769"
 Castlevania,You Don't Deserve My Blood,"Animation, Action, Adventure            ",31 min,2021,9.6,"1,851"
 Tokyo Revengers,Revenge,"Animation, Action, Crime            ",24 min,2021,9.6,"1,379"
 Tokyo Revengers,Rerise,"Animation, Action, Crime            ",24 min,2021,9.6,"1,430"
 Tokyo Revengers,Revolt,"Animation, Action, Crime            ",24 min,2021,9.6,"1,249"
 Aspirants,Teacher Sahi Hona Chahiye,Drama            ,38 min,2021,9.6,"6,799"
 Grey's Anatomy,Now or Never,"Drama, Romance            ",60 min,2009,9.6,"2,661"
 Jujutsu Kaisen,Accomplices,"Animation, Action, Adventure            ",24 min,2021,9.6,"2,894"
 Shingeki no Kyojin,Above and Below,"Animation, Action, Adventure            ",24 min,2021,9.6,"22,089"
 House M.D.,Both Sides Now,"Drama, Mystery            ",43 min,2009,9.6,"4,967"
 Chuck,Chuck Versus the Ring,"Action, Comedy, Drama            ",42 min,2009,9.6,"2,124"
 Jujutsu Kaisen,Black Flash,"Animation, Action, Adventure            ",24 min,2021,9.6,"4,098"
 Black Clover,Stirrings of the Strongest,"Animation, Action, Adventure            ",24 min,2021,9.6,"1,173"
 Shingeki no Kyojin,Assassin's Bullet,"Animation, Action, Adventure            ",24 min,2021,9.6,"31,533"
 Brooklyn Nine-Nine,The Last Day Pt 2,"Comedy, Crime            ",25 min,2021,9.6,"2,956"
 Superstore,All Sales Final,Comedy            ,N/A,2021,9.6,"1,644"
 Jujutsu Kaisen,"To You, Someday","Animation, Action, Adventure            ",24 min,2020,9.6,"3,127"
 Black Clover,The Beginning of Hope and Despair,"Animation, Action, Adventure            ",24 min,2021,9.6,"1,041"
 Dark,Between the Time,"Crime, Drama, Mystery            ",69 min,2020,9.6,"15,988"
 Re:Zero kara hajimeru isekai seikatsu,The Value of Life,"Animation, Adventure, Drama            ",24 min,2020,9.6,"1,099"
 The Shield,Family Meeting,"Crime, Drama, Thriller            ",72 min,2008,9.6,"3,008"
 The Spectacular Spider-Man,Nature vs. Nurture,"Animation, Action, Adventure            ",24 min,2008,9.6,"1,180"
 She-Ra and the Princesses of Power,Save the Cat,"Animation, Action, Adventure            ",24 min,2020,9.6,"1,396"
 Boku no hîrô akademia,Lemillion,"Animation, Action, Adventure            ",24 min,2019,9.6,"2,439"
 The Chosen,Indescribable Compassion,"Drama, History            ",52 min,2019,9.6,"1,009"
 Vinland Saga,Lone Wolf,"Animation, Action, Adventure            ",24 min,2019,9.6,"1,635"
 Vinland Saga,United Front,"Animation, Action, Adventure            ",24 min,2019,9.6,"1,591"
 Adventure Time: Distant Lands,Together Again,"Animation, Action, Adventure            ",N/A,2021,9.6,"1,590"
 Anne,The Better Feelings of My Heart,"Drama, Family            ",44 min,2019,9.6,"2,350"
 Dave,Jail,"Comedy, Music            ",28 min,2020,9.6,"1,255"
 BoJack Horseman,Nice While It Lasted,"Animation, Comedy, Drama            ",27 min,2020,9.6,"5,564"
 The Good Place,Whenever You're Ready,"Comedy, Drama, Fantasy            ",53 min,2020,9.6,"5,031"
 How to Get Away with Murder,Are You the Mole?,"Crime, Drama, Mystery            ",42 min,2019,9.6,"1,889"
 How to Get Away with Murder,Stay,"Crime, Drama, Mystery            ",41 min,2020,9.6,"3,282"
 One Piece: Wan pîsu,Kobushi ni Kometa Omoi! Luffy Konshin no Gatling,"Animation, Action, Adventure            ",N/A,2007,9.6,"1,664"
 Dark,An Endless Cycle,"Crime, Drama, Mystery            ",54 min,2019,9.6,"13,418"
 JoJo no kimyô-na bôken,His Name is Diavolo,"Animation, Action, Adventure            ",25 min,2019,9.6,"1,045"
 JoJo no kimyô-na bôken,King Crimson vs. Metallica,"Animation, Action, Adventure            ",25 min,2019,9.6,"1,097"
 The Sopranos,The Blue Comet,"Crime, Drama            ",53 min,2007,9.6,"6,545"
 Death Note: Desu nôto,Chinmoku,"Animation, Crime, Drama            ",24 min,2007,9.6,"5,960"
 The Wire,-30-,"Crime, Drama, Thriller            ",93 min,2008,9.6,"5,160"
 Desperate Housewives,Bang,"Comedy, Drama, Mystery            ",43 min,2006,9.6,"1,666"
 Dexter,Born Free,"Crime, Drama, Mystery            ",56 min,2006,9.6,"9,690"
 Avatar: The Last Airbender,The Crossroads of Destiny,"Animation, Action, Adventure            ",25 min,2006,9.6,"4,811"
 Scrubs,My Lunch,"Comedy, Drama            ",24 min,2006,9.6,"3,380"
 Prison Break,Go,"Action, Crime, Drama            ",60 min,2006,9.6,"6,285"
 The Wire,Middle Ground,"Crime, Drama, Thriller            ",59 min,2004,9.6,"5,178"
 SpongeBob SquarePants,Chocolate with Nuts/Mermaidman and Barnacleboy V,"Animation, Comedy, Family            ",23 min,2002,9.6,"1,673"
 SpongeBob SquarePants,Wet Painters/Krusty Krab Training Video,"Animation, Comedy, Family            ",23 min,2002,9.6,"1,447"
 South Park,Scott Tenorman Must Die,"Animation, Comedy            ",22 min,2001,9.6,"8,535"
 Six Feet Under,All Alone,"Comedy, Drama            ",60 min,2005,9.6,"2,558"
 Seinfeld,The Opposite,Comedy            ,23 min,1994,9.6,"5,317"
 Only Fools and Horses....,The Jolly Boys' Outing,Comedy            ,80 min,1989,9.6,"1,169"
 House M.D.,Three Stories,"Drama, Mystery            ",44 min,2005,9.6,"7,218"
 Futurama,Jurassic Bark,"Animation, Adventure, Comedy            ",23 min,2002,9.6,"5,583"
 Frasier,The Ski Lodge,Comedy            ,22 min,1998,9.6,"1,610"
 Buffy the Vampire Slayer,Becoming: Part 2,"Action, Drama, Fantasy            ",44 min,1998,9.6,"4,530"
 Babylon 5,Severed Dreams,"Action, Adventure, Drama            ",43 min,1996,9.6,"1,002"
 Avatar: The Last Airbender,Zuko Alone,"Animation, Action, Adventure            ",25 min,2006,9.6,"4,922"
 Angel,Not Fade Away,"Action, Drama, Fantasy            ",44 min,2004,9.6,"3,191"
 The Chosen,The Rock on Which it is Built,"Drama, History            ",49 min,2019,9.5,"1,003"
 Suits,One Last Con,"Comedy, Drama            ",47 min,2019,9.5,"2,865"
 Mob Psycho 100,Cornered ~True Identity~,"Animation, Action, Comedy            ",24 min,2019,9.5,"1,025"
 One Piece: Wan pîsu,Finally Concluded - An Outcome of the Fierce Battle with Katakuri,"Animation, Action, Adventure            ",N/A,2019,9.5,"1,455"
 One Piece: Wan pîsu,A Fist of Divine Speed! Another Gear Four Application Activated!,"Animation, Action, Adventure            ",24 min,2019,9.5,"2,879"
 Grey's Anatomy,Silent All These Years,"Drama, Romance            ",43 min,2019,9.5,"2,562"
 One Piece: Wan pîsu,Wake Up! The Color of Observation Able to Top the Strongest!,"Animation, Action, Adventure            ",N/A,2019,9.5,"1,230"
 One Piece: Wan pîsu,One Man's Determination! Katakuri's Deadly Big Fight!,"Animation, Action, Adventure            ",N/A,2019,9.5,"1,632"
 Agents of S.H.I.E.L.D.,What We're Fighting For,"Action, Adventure, Drama            ",43 min,2020,9.5,"2,648"
 Yakusoku no Neverland,140146,"Animation, Action, Adventure            ",23 min,2019,9.5,"2,218"
 The Last Kingdom,Episode #3.9,"Action, Drama, History            ",54 min,2018,9.5,"2,730"
 Castlevania,For Love,"Animation, Action, Adventure            ",27 min,2018,9.5,"2,469"
 Ozark,All In,"Crime, Drama, Thriller            ",66 min,2020,9.5,"6,993"
 One Piece: Wan pîsu,The Forbidden Secret! Katakuri's Merienda!,"Animation, Action, Adventure            ",N/A,2018,9.5,"1,278"
 Travelers,Protocol Omega,"Drama, Mystery, Sci-Fi            ",50 min,2018,9.5,"1,848"
 Mr. Robot,eXit,"Crime, Drama, Thriller            ",52 min,2019,9.5,"8,337"
 Solar Opposites,Terry and Korvo Steal a Bear,"Animation, Comedy, Sci-Fi            ",23 min,2020,9.5,"2,011"
 Wynonna Earp,Friends in Low Places,"Action, Drama, Fantasy            ",43 min,2020,9.5,"1,402"
 Watchmen,A God Walks into Abar,"Crime, Drama, Mystery            ",63 min,2019,9.5,"9,053"
 One Piece: Wan pîsu,"I'll Be Back! Luffy, Deadly Departure!","Animation, Action, Adventure            ",N/A,2018,9.5,"1,336"
 Boku no hîrô akademia,"Deku vs. Kacchan, Part 2","Animation, Action, Adventure            ",24 min,2018,9.5,"1,760"
 One Piece: Wan pîsu,"Before the Dawn! Pedro, the Captain of the Guardians!","Animation, Action, Adventure            ",N/A,2018,9.5,"1,295"
 Shingeki no Kyojin,Ruler of the Walls,"Animation, Action, Adventure            ",24 min,2018,9.5,"12,346"
 Lucifer,Save Lucifer,"Crime, Drama, Fantasy            ",50 min,2019,9.5,"7,025"
 Shingeki no Kyojin,Sin,"Animation, Action, Adventure            ",24 min,2018,9.5,"12,845"
 Shingeki no Kyojin,Pain,"Animation, Action, Adventure            ",24 min,2018,9.5,"13,897"
 Boku no hîrô akademia,Symbol of Peace,"Animation, Action, Adventure            ",23 min,2018,9.5,"1,715"
 The Last Dance,Episode X,"Documentary, Biography, History            ",50 min,2020,9.5,"2,926"
 Boku no hîrô akademia,My Hero,"Animation, Action, Adventure            ",24 min,2018,9.5,"2,265"
 One Piece: Wan pîsu,Returning the Sake Cup! The Manly Jimbei Pays His Debt!,"Animation, Action, Adventure            ",N/A,2018,9.5,"1,439"
 Lucifer,Quintessential Deckerstar,"Crime, Drama, Fantasy            ",43 min,2018,9.5,"7,065"
 Chernobyl,1:23:45,"Drama, History, Thriller            ",58 min,2019,9.5,"51,248"
 One Piece: Wan pîsu,A Liar! Luffy and Sanji!!,"Animation, Action, Adventure            ",N/A,2018,9.5,"1,184"
 The Haunting of Hill House,The Bent-Neck Lady,"Drama, Horror, Mystery            ",70 min,2018,9.5,"12,463"
 One Piece: Wan pîsu,Shikemoku: Sanji no Kekkon Zen'ya,"Animation, Action, Adventure            ",N/A,2017,9.5,"1,512"
 The Heroes,The Trust,"Animation, Drama, History            ",N/A,2008,9.5,"22,471"
 Dragon Ball Super: Doragon bôru cho,"A Miraculous Conclusion! Farewell, Goku! Until We Meet Again!","Animation, Action, Adventure            ",22 min,2018,9.5,"1,210"
 Star Wars: Rebels,A World Between Worlds,"Animation, Action, Adventure            ",23 min,2018,9.5,"2,203"
 One Piece: Wan pîsu,Kanashiki Kettou: Luffy tai Sanji (Kouhen),"Animation, Action, Adventure            ",26 min,2017,9.5,"2,753"
 Dragon Ball Super: Doragon bôru cho,This is the Ultimate Battle of All Universes! Son Goku vs Jiren!!,"Animation, Action, Adventure            ",24 min,2017,9.5,"1,630"
 One Piece: Wan pîsu,Manpuku no Chikara: Shin Gear Fourth Tan Man!,"Animation, Action, Adventure            ",N/A,2017,9.5,"1,140"
 The Magicians,A Life in the Day,"Drama, Fantasy, Mystery            ",43 min,2018,9.5,"1,444"
 One Piece: Wan pîsu,East Blue e: Sanji Ketsui no Funade,"Animation, Action, Adventure            ",N/A,2017,9.5,"1,481"
 Brooklyn Nine-Nine,HalloVeen,"Comedy, Crime            ",21 min,2017,9.5,"4,770"
 Young Justice,Into the Breach,"Animation, Action, Adventure            ",22 min,2019,9.5,"1,677"
 Young Justice,Antisocial Pathologies,"Animation, Action, Adventure            ",24 min,2019,9.5,"1,695"
 Young Justice,Quiet Conversations,"Animation, Action, Adventure            ",24 min,2019,9.5,"1,782"
 Young Justice,True Heroes,"Animation, Action, Adventure            ",22 min,2019,9.5,"1,806"
 Young Justice,Private Security,"Animation, Action, Adventure            ",21 min,2019,9.5,"1,914"
 Young Justice,Eminent Threat,"Animation, Action, Adventure            ",22 min,2019,9.5,"1,915"
 Homeland,Prisoners of War,"Crime, Drama, Mystery            ",67 min,2020,9.5,"4,828"
 12 Monkeys,One Minute More,"Adventure, Drama, Mystery            ",42 min,2018,9.5,"1,027"
 12 Monkeys,The Beginning Part 1,"Adventure, Drama, Mystery            ",43 min,2018,9.5,"1,074"
 Steven Universe,Off Colors,"Animation, Action, Adventure            ",11 min,2017,9.5,"1,315"
 The Big Bang Theory,The Stockholm Syndrome,"Comedy, Romance            ",23 min,2019,9.5,"8,758"
 The Expanse,Immolation,"Drama, Mystery, Sci-Fi            ",43 min,2018,9.5,"3,695"
 Adventure Time,Islands Part 8: The Light Cloud,"Animation, Action, Adventure            ",21 min,2017,9.5,"1,343"
 Master of None,Amarsi Un Pò,"Comedy, Drama            ",57 min,2017,9.5,"2,877"
 JoJo no kimyô-na bôken,"Another One Bites the Dust, Part 1","Animation, Action, Adventure            ",23 min,2016,9.5,"1,077"
 The Americans,"Jennings, Elizabeth","Crime, Drama, Mystery            ",49 min,2018,9.5,"1,792"
 Code Black,Hero Complex,Drama            ,42 min,2016,9.5,"1,079"
 This Is Us,Memphis,"Comedy, Drama, Romance            ",43 min,2017,9.5,"4,552"
 Skam,Det går over,"Drama, Romance            ",18 min,2016,9.5,"1,021"
 LazyTown,Robbie's Dream Team,"Adventure, Comedy, Family            ",23 min,2014,9.5,"12,805"
 Peaky Blinders,The Company,"Crime, Drama            ",60 min,2017,9.5,"9,186"
 Steven Universe,I Am My Mom,"Animation, Action, Adventure            ",11 min,2017,9.5,"1,440"
 The Filthy Frank Show,Human Cake,"Comedy, Fantasy, Music            ",22 min,2016,9.5,"2,467"
 Steven Universe,Mindful Education,"Animation, Action, Adventure            ",11 min,2016,9.5,"1,599"
 Agents of S.H.I.E.L.D.,Self Control,"Action, Adventure, Drama            ",43 min,2017,9.5,"4,444"
 Steven Universe,Bubbled,"Animation, Action, Adventure            ",11 min,2016,9.5,"1,368"
 The Good Place,Michael's Gambit,"Comedy, Drama, Fantasy            ",22 min,2017,9.5,"4,853"
 Peaky Blinders,The Noose,"Crime, Drama            ",60 min,2017,9.5,"9,185"
 Narcos,Al Fin Cayó!,"Biography, Crime, Drama            ",53 min,2016,9.5,"6,783"
 The Punisher,Home,"Action, Crime, Drama            ",51 min,2017,9.5,"9,390"
 Lucifer,A Good Day to Die,"Crime, Drama, Fantasy            ",43 min,2017,9.5,"6,223"
 Regular Show,Gary's Synthesizer,"Animation, Action, Adventure            ",11 min,2016,9.5,"2,111"
 The Expanse,Home,"Drama, Mystery, Sci-Fi            ",43 min,2017,9.5,"5,013"
 How to Get Away with Murder,Who's Dead?,"Crime, Drama, Mystery            ",43 min,2016,9.5,"2,783"
 The Office,Niagara: Part 2,Comedy            ,19 min,2009,9.5,"5,589"
 Bates Motel,Forever,"Drama, Horror, Mystery            ",47 min,2016,9.5,"2,285"
 One Piece: Wan pîsu,Ten o Utsu: Luffy Ikari no King Kong Gun,"Animation, Action, Adventure            ",N/A,2016,9.5,"1,181"
 The Leftovers,The Book of Nora,"Drama, Fantasy, Mystery            ",72 min,2017,9.5,"6,956"
 The Leftovers,The Most Powerful Man in the World (and His Identical Twin Brother),"Drama, Fantasy, Mystery            ",64 min,2017,9.5,"5,484"
 One Piece: Wan pîsu,Luffy! Konshin no Leo Bazooka,"Animation, Action, Adventure            ",N/A,2016,9.5,"1,132"
 One Piece: Wan pîsu,Gear Fourth! Kyoui no Bounce Man!,"Animation, Action, Adventure            ",N/A,2016,9.5,"1,677"
 One Piece: Wan pîsu,Ikari Bakuhatsu: Ore ga Zenbu Hikiukeru,"Animation, Action, Adventure            ",N/A,2016,9.5,"1,072"
 One Piece: Wan pîsu,Haki Gekitotsu: Luffy tai Doflamingo,"Animation, Action, Adventure            ",N/A,2015,9.5,"1,409"
 Code Black,Black Tag,Drama            ,40 min,2015,9.5,"1,136"
 Big Little Lies,You Get What You Need,"Crime, Drama, Mystery            ",58 min,2017,9.5,"7,533"
 Orange Is the New Black,Toast Can't Never Be Bread Again,"Comedy, Crime, Drama            ",76 min,2016,9.5,"4,060"
 One Piece: Wan pîsu,Kuuchuu Kessen: Zoro Shin Hissastsu Ougi Sakuretsu!,"Animation, Action, Adventure            ",N/A,2015,9.5,"1,462"
 Code Black,Cardiac Support,Drama            ,42 min,2015,9.5,"1,120"
 Code Black,The Son Rises,Drama            ,43 min,2015,9.5,"1,177"
 Gravity Falls,Weirdmageddon: Part 1,"Animation, Action, Adventure            ",23 min,2015,9.5,"2,549"
 House of Cards,Chapter 52,Drama            ,55 min,2016,9.5,"6,090"
 Supernatural,Baby,"Drama, Fantasy, Horror            ",41 min,2015,9.5,"6,479"
 Daredevil,Seven Minutes in Heaven,"Action, Crime, Drama            ",59 min,2016,9.5,"8,851"
 Daredevil,Penny and Dime,"Action, Crime, Drama            ",60 min,2016,9.5,"10,021"
 Daredevil,New York's Finest,"Action, Crime, Drama            ",48 min,2016,9.5,"10,522"
 One Piece: Wan pîsu,Yuke Law: Yasashiki Otoko Saigo no Tatakai!,"Animation, Action, Adventure            ",N/A,2015,9.5,"1,583"
 One Piece: Wan pîsu,Kakugo no Toki: Corazon Wakare no Egao!,"Animation, Action, Adventure            ",N/A,2015,9.5,"1,075"
 Teen Wolf,Radio Silence,"Action, Drama, Fantasy            ",41 min,2016,9.5,"1,621"
 One Piece: Wan pîsu,Kunan no Michi: Law to Corazon Inochi no Tabi,"Animation, Action, Adventure            ",N/A,2015,9.5,"1,133"
 One Piece: Wan pîsu,Ikari Bakuhatsu: Luffy Law Saikyou no Hisaku,"Animation, Action, Adventure            ",N/A,2015,9.5,"1,229"
 Mr. Robot,eps1.7_wh1ter0se.m4v,"Crime, Drama, Thriller            ",45 min,2015,9.5,"12,547"
 JoJo no kimyô-na bôken,"The Miasma of the Void, Vanilla Ice, Part 2","Animation, Action, Adventure            ",23 min,2015,9.5,"1,198"
 Person of Interest,"6,741","Action, Crime, Drama            ",43 min,2016,9.5,"4,827"
 Steven Universe,Sworn to the Sword,"Animation, Action, Adventure            ",11 min,2015,9.5,"1,606"
 Westworld,Trompe L'Oeil,"Drama, Mystery, Sci-Fi            ",56 min,2016,9.5,"19,900"
 JoJo no kimyô-na bôken,"D'Arby the Gambler, Part 2","Animation, Action, Adventure            ",23 min,2015,9.5,"1,210"
 Steven Universe,The Return,"Animation, Action, Adventure            ",11 min,2015,9.5,"1,633"
 It's Always Sunny in Philadelphia,Hero or Hate Crime?,Comedy            ,23 min,2017,9.5,"3,691"
 It's Always Sunny in Philadelphia,The Gang Goes to a Water Park,Comedy            ,20 min,2017,9.5,"4,202"
 Longmire,High Noon,"Action, Crime, Drama            ",57 min,2015,9.5,"1,181"
 Modern Family,Connection Lost,"Comedy, Drama, Romance            ",22 min,2015,9.5,"6,787"
 It's Always Sunny in Philadelphia,Mac & Dennis Move to the Suburbs,Comedy            ,24 min,2016,9.5,"3,960"
 One Piece: Wan pîsu,Kaken Sakuretsu! Fukkatsu Meramera no Mi no Chikara,"Animation, Action, Adventure            ",N/A,2015,9.5,"1,069"
 Steven Universe,Lion 3: Straight to Video,"Animation, Action, Adventure            ",11 min,2014,9.5,"1,695"
 Regular Show,The Real Thomas,"Animation, Action, Adventure            ",23 min,2014,9.5,"2,186"
 Forever,The Last Death of Henry Morgan,"Crime, Drama, Fantasy            ",43 min,2015,9.5,"1,827"
 Over the Garden Wall,Chapter 10: The Unknown,"Animation, Adventure, Comedy            ",11 min,2014,9.5,"1,871"
 Steven Universe,Ocean Gem,"Animation, Action, Adventure            ",11 min,2014,9.5,"1,645"
 Banshee,We All Pay Eventually,"Action, Crime, Drama            ",56 min,2015,9.5,"2,464"
 One Piece: Wan pîsu,Luffy Kyougaku: Ace no Ishi o Tsugu Otoko,"Animation, Action, Adventure            ",N/A,2014,9.5,"1,400"
 Fargo,The Castle,"Crime, Drama, Thriller            ",50 min,2015,9.5,"8,741"
 Fargo,Loplop,"Crime, Drama, Thriller            ",63 min,2015,9.5,"8,704"
 Les Synaudes,La Minute Synaudique,"Animation, Short, Horror            ",1 min,2010,9.5,"1,685"
 Les Synaudes,Le Silence Synaudique,"Animation, Short, Horror            ",1 min,2010,9.5,"1,660"
 Suits,This Is Rome,"Comedy, Drama            ",43 min,2014,9.5,"3,507"
 Sons of Anarchy,Suits of Woe,"Crime, Drama, Thriller            ",72 min,2014,9.5,"3,563"
 Community,Emotional Consequences of Broadcast Television,Comedy            ,27 min,2015,9.5,"5,512"
 Better Call Saul,Pimento,"Crime, Drama            ",47 min,2015,9.5,"12,466"
 Game of Thrones,The Dance of Dragons,"Action, Adventure, Drama            ",52 min,2015,9.5,"42,688"
 Better Call Saul,Five-O,"Crime, Drama            ",42 min,2015,9.5,"15,995"
 The Legend of Korra,Enter the Void,"Animation, Action, Adventure            ",23 min,2014,9.5,"2,644"
 Supernatural,Fan Fiction,"Drama, Fantasy, Horror            ",43 min,2014,9.5,"8,207"
 Banshee,Tribal,"Action, Crime, Drama            ",52 min,2015,9.5,"2,660"
 Louie,In the Woods: Part 2,"Comedy, Drama            ",35 min,2014,9.5,"1,235"
 Mad Men,Waterloo,Drama            ,45 min,2014,9.5,"3,117"
 Revenge,Execution,"Drama, Mystery, Thriller            ",41 min,2014,9.5,"1,388"
 JoJo no kimyô-na bôken,Shîzâ kodoku no seishun,"Animation, Action, Adventure            ",26 min,2013,9.5,"1,372"
 Shameless,Lazarus,"Comedy, Drama            ",57 min,2014,9.5,"3,822"
 Hunter x Hunter,Monster × and × Monster,"Animation, Action, Adventure            ",23 min,2014,9.5,"1,188"
 Cosmos: A Spacetime Odyssey,Unafraid of the Dark,Documentary            ,43 min,2014,9.5,"1,662"
 How I Met Your Mother,How Your Mother Met Me,"Comedy, Romance            ",23 min,2014,9.5,"9,660"
 Arrow,Unthinkable,"Action, Adventure, Crime            ",45 min,2014,9.5,"7,469"
 House of Cards,Chapter 26,Drama            ,60 min,2014,9.5,"6,673"
 Sons of Anarchy,A Mother's Work,"Crime, Drama, Thriller            ",84 min,2013,9.5,"4,367"
 Shingeki no Kyojin,"Wall: Raid on Stohess District, Part 3","Animation, Action, Adventure            ",24 min,2013,9.5,"13,241"
 Psych,The Break-Up,"Comedy, Crime, Mystery            ",49 min,2014,9.5,"1,665"
 The Office,A.A.R.M.,Comedy            ,43 min,2013,9.5,"6,355"
 Generator Rex,Enemies Mine,"Animation, Action, Adventure            ",23 min,2013,9.5,"1,037"
 Person of Interest,Prisoner's Dilemma,"Action, Crime, Drama            ",44 min,2013,9.5,"3,597"
 Young Justice,Darkest,"Animation, Action, Adventure            ",22 min,2012,9.5,"1,963"
 Community,Digital Estate Planning,Comedy            ,22 min,2012,9.5,"5,414"
 Castle,Always,"Comedy, Crime, Drama            ",45 min,2012,9.5,"2,590"
 Breaking Bad,Blood Money,"Crime, Drama, Thriller            ",48 min,2013,9.5,"26,391"
 Regular Show,Video Game Wizard,"Animation, Action, Adventure            ",11 min,2012,9.5,"2,105"
 Boardwalk Empire,Two Imposters,"Crime, Drama, History            ",50 min,2012,9.5,"2,604"
 Generator Rex,Hermanos,"Animation, Action, Adventure            ",23 min,2013,9.5,"1,157"
 Sons of Anarchy,Laying Pipe,"Crime, Drama, Thriller            ",47 min,2012,9.5,"3,305"
 Community,Basic Lupine Urology,Comedy            ,21 min,2012,9.5,"5,231"
 Generator Rex,Assault on Abysus,"Animation, Action, Adventure            ",23 min,2012,9.5,"1,303"
 Dexter,Are You...?,"Crime, Drama, Mystery            ",55 min,2012,9.5,"8,761"
 Regular Show,Rap It Up,"Animation, Action, Adventure            ",11 min,2011,9.5,"2,196"
 Generator Rex,Lions and Lambs,"Animation, Action, Adventure            ",23 min,2011,9.5,"1,381"
 Young Justice,Misplaced,"Animation, Action, Adventure            ",22 min,2012,9.5,"2,105"
 Young Justice,Homefront,"Animation, Action, Adventure            ",22 min,2011,9.5,"2,114"
 Futurama,Meanwhile,"Animation, Adventure, Comedy            ",22 min,2013,9.5,"3,600"
 Regular Show,Karaoke Video,"Animation, Action, Adventure            ",11 min,2011,9.5,"2,186"
 The Vampire Diaries,The Departed,"Drama, Fantasy, Horror            ",42 min,2012,9.5,"3,564"
 Generator Rex,A Family Holiday,"Animation, Action, Adventure            ",23 min,2011,9.5,"1,291"
 Generator Rex,Back in Black,"Animation, Action, Adventure            ",23 min,2011,9.5,"1,013"
 Sherlock,A Scandal in Belgravia,"Crime, Drama, Mystery            ",89 min,2012,9.5,"38,567"
 The Mentalist,Strawberries and Cream: Part 2,"Crime, Drama, Mystery            ",60 min,2011,9.5,"2,790"
 One Piece: Wan pîsu,Shanks Kenzan! Choujou Sensou Tsui ni Shuuketsu,"Animation, Action, Adventure            ",N/A,2011,9.5,"1,465"
 Game of Thrones,Fire and Blood,"Action, Adventure, Drama            ",53 min,2011,9.5,"37,580"
 One Piece: Wan pîsu,Hisshi no Sakebi: Unmei o Kaeru Yuuki Aru Suubyou,"Animation, Action, Adventure            ",N/A,2011,9.5,"1,536"
 One Piece: Wan pîsu,Show no Kaimaku: Akasareta Kurohige no Takurami,"Animation, Action, Adventure            ",N/A,2011,9.5,"1,251"
 One Piece: Wan pîsu,Kejime o Tsukeru: Shirohige vs Kurohige Kaizokudan,"Animation, Action, Adventure            ",24 min,2011,9.5,"2,418"
 One Piece: Wan pîsu,Kaigun Honbu Houkai! Shirohige Kotobanaki Ikari!,"Animation, Action, Adventure            ",N/A,2011,9.5,"1,856"
 Community,Advanced Dungeons & Dragons,Comedy            ,22 min,2011,9.5,"6,265"
 One Piece: Wan pîsu,Kotae o Sagashite: Hiken Ace Senjou ni Shisu,"Animation, Action, Adventure            ",24 min,2011,9.5,"2,923"
 One Piece: Wan pîsu,Hi o mo Yaki Tsukusu Chikara: Akainu Hijou no Tsuigeki,"Animation, Action, Adventure            ",N/A,2011,9.5,"2,113"
 One Piece: Wan pîsu,Ace Kyuushutsu! Shirohige Saigo no Senchou Meirei!,"Animation, Action, Adventure            ",N/A,2010,9.5,"1,480"
 One Piece: Wan pîsu,Shokei Shikkou Shirei Kudaru: Houiheki o Toppa Seyo!,"Animation, Action, Adventure            ",N/A,2010,9.5,"1,206"
 One Piece: Wan pîsu,Sorezore no Eranda Michi: Luffy vs Garp!,"Animation, Action, Adventure            ",N/A,2010,9.5,"1,281"
 Regular Show,High Score,"Animation, Action, Adventure            ",11 min,2011,9.5,"2,250"
 Regular Show,Mordecai and the Rigbys,"Animation, Action, Adventure            ",11 min,2010,9.5,"2,481"
 One Piece: Wan pîsu,Shinde mo Tasukeru: Luffy vs Kaigun Battle Start,"Animation, Action, Adventure            ",N/A,2010,9.5,"1,185"
 One Piece: Wan pîsu,Mugiwara Team Touchaku Fuunkyuu o Tsugeru Senjou,"Animation, Action, Adventure            ",N/A,2010,9.5,"1,242"
 Breaking Bad,End Times,"Crime, Drama, Thriller            ",47 min,2011,9.5,"22,710"
 Hagane no renkinjutsushi,Seizetsunaru hangeki,"Animation, Action, Adventure            ",30 min,2010,9.5,"1,965"
 Chuck,Chuck Versus the Ring: Part II,"Action, Comedy, Drama            ",42 min,2010,9.5,"1,507"
 Smallville,Homecoming,"Adventure, Drama, Romance            ",42 min,2010,9.5,"1,589"
 Breaking Bad,Half Measures,"Crime, Drama, Thriller            ",47 min,2010,9.5,"23,703"
 Chuck,Chuck Versus the Other Guy,"Action, Comedy, Drama            ",43 min,2010,9.5,"1,774"
 Demon Slayer: Kimetsu No Yaiba,Akaza,"Animation, Action, Adventure            ",24 min,2021,9.5,"2,199"
 Psych,Mr. Yin Presents,"Comedy, Crime, Mystery            ",44 min,2010,9.5,"1,497"
 Fringe,Peter,"Drama, Mystery, Sci-Fi            ",44 min,2010,9.5,"3,365"
 Young Justice,Involuntary,"Animation, Action, Adventure            ",N/A,2021,9.5,"1,031"
 Rick and Morty,Rickmurai Jack,"Animation, Adventure, Comedy            ",22 min,2021,9.5,"8,941"
 Tokyo Revengers,Turn Around,"Animation, Action, Crime            ",24 min,2021,9.5,"1,069"
 The Beatles: Get Back,Part 3: Days 17-22,"Documentary, Music            ",138 min,2021,9.5,"1,129"
 Hagane no renkinjutsushi,Death of the Undying,"Animation, Action, Adventure            ",30 min,2009,9.5,"2,563"
 Young Royals,Episode #1.6,"Drama, Romance            ",43 min,2021,9.5,"1,455"
 Broken But Beautiful,The Fault in Their Stars,"Drama, Romance            ",N/A,2021,9.5,"4,748"
 Broken But Beautiful,This Could Be Us,"Drama, Romance            ",N/A,2021,9.5,"4,751"
 Broken But Beautiful,"Crazy, Stupid, Foolish Love.","Drama, Romance            ",N/A,2021,9.5,"4,762"
 Broken But Beautiful,La La La land,"Drama, Romance            ",N/A,2021,9.5,"4,802"
 Broken But Beautiful,"You, Me, Him and Her","Drama, Romance            ",N/A,2021,9.5,"4,874"
 One Piece: Wan pîsu,Kesareta Nakama-tachi: Mugiwara Ichimi Saigo no Hi,"Animation, Action, Adventure            ",N/A,2009,9.5,"2,087"
 Aspirants,Plan B Kya Hai?,Drama            ,49 min,2021,9.5,"6,291"
 Dexter,"Hello, Dexter Morgan","Crime, Drama, Mystery            ",51 min,2009,9.5,"6,162"
 Aspirants,UPSC - Optional Me Kya Hai?,Drama            ,46 min,2021,9.5,"7,741"
 One Piece: Wan pîsu,Taishou Kizuru no Moukou Mugiwara Ichimi Zettaizetsumei!,"Animation, Action, Adventure            ",N/A,2009,9.5,"1,323"
 One Piece: Wan pîsu,Dai Panic! Auction Kaijou no Shitou,"Animation, Action, Adventure            ",N/A,2009,9.5,"1,226"
 One Piece: Wan pîsu,Tekken Sakuretsu! Auction o Buttsubuse,"Animation, Action, Adventure            ",N/A,2009,9.5,"1,441"
 Formula 1: Drive to Survive,Man On Fire,"Documentary, Sport            ",51 min,2021,9.5,"1,245"
 Chuck,Chuck Versus the Colonel,"Action, Comedy, Drama            ",44 min,2009,9.5,"1,600"
 Black Clover,Water Crusade,"Animation, Action, Adventure            ",24 min,2021,9.5,"1,197"
 The Family Man,Vendetta,"Action, Comedy, Drama            ",42 min,2021,9.5,"4,178"
 Jujutsu Kaisen,Tomorrow,"Animation, Action, Adventure            ",24 min,2020,9.5,"2,600"
 Shingeki no Kyojin,The Door of Hope,"Animation, Action, Adventure            ",24 min,2020,9.5,"26,888"
 Broken But Beautiful,It Happened That Night,"Drama, Romance            ",N/A,2021,9.5,"5,566"
 Jujutsu Kaisen,Assault,"Animation, Action, Adventure            ",24 min,2020,9.5,"3,161"
 For All Mankind,The Grey,"Drama, Sci-Fi            ",76 min,2021,9.5,"2,012"
 Dexter: New Blood,The Family Business,"Crime, Drama, Mystery            ",58 min,2022,9.5,"8,077"
 Scam 1992: The Harshad Mehta Story,Main History Banana Chahta Hoon,"Biography, Crime, Drama            ",N/A,2020,9.5,"2,004"
 Scam 1992: The Harshad Mehta Story,Ek Crore Ka Suitcase,"Biography, Crime, Drama            ",N/A,2020,9.5,"1,788"
 One Piece: Wan pîsu,Nakama no Itami wa Waga Itami: Zoro Kesshi no Tatakai,"Animation, Action, Adventure            ",N/A,2008,9.5,"2,511"
 Paranormal,The Myth of the House: The Return,"Drama, Fantasy, Horror            ",53 min,2020,9.5,"7,490"
 One Piece: Wan pîsu,Zoro's Fury! The Truth About the Smile!,"Animation, Action, Adventure            ",N/A,2020,9.5,"1,450"
 IMDb Originals,Remembering Chadwick Boseman,"Short, News            ",1 min,2020,9.5,"1,814"
 Kôdo giasu - Hangyaku no rurûshu: Code Geass - Lelouch of the Rebellion,Uragiri,"Animation, Action, Drama            ",24 min,2008,9.5,"1,012"
 Ozark,Sanctified,"Crime, Drama, Thriller            ",56 min,2022,9.5,"3,860"
 Band of Brothers,Why We Fight,"Drama, History, War            ",55 min,2001,9.5,"8,171"
 Haikyuu!!,Monsters' Ball,"Animation, Comedy, Drama            ",N/A,2020,9.5,"1,142"
 The Expanse,Gaugamela,"Drama, Mystery, Sci-Fi            ",46 min,2020,9.5,"3,822"
 She-Ra and the Princesses of Power,Heart Part 2,"Animation, Action, Adventure            ",24 min,2020,9.5,"1,610"
 She-Ra and the Princesses of Power,Heart Part 1,"Animation, Action, Adventure            ",24 min,2020,9.5,"1,310"
 The Spectacular Spider-Man,Intervention,"Animation, Action, Adventure            ",24 min,2008,9.5,"1,044"
 She-Ra and the Princesses of Power,Corridors,"Animation, Action, Adventure            ",24 min,2020,9.5,"1,170"
 The Boys,What I Know,"Action, Crime, Drama            ",67 min,2020,9.5,"12,301"
 Yellowstone,Half the Money,"Drama, Western            ",60 min,2021,9.5,"2,427"
 Doctor Who,Forest of the Dead,"Adventure, Drama, Sci-Fi            ",45 min,2008,9.5,"9,297"
 Avatar: The Last Airbender,Sozin's Comet,"Animation, Action, Adventure            ",22 min,2008,9.5,"4,414"
 Mythic Quest: Raven's Banquet,Quarantine,Comedy            ,25 min,2020,9.5,"1,894"
 Castlevania,The Harvest,"Animation, Action, Adventure            ",25 min,2020,9.5,"2,217"
 Zoey's Extraordinary Playlist,Zoey's Extraordinary Dad,"Comedy, Drama, Musical            ",44 min,2020,9.5,"1,195"
 Boku no hîrô akademia,Unforeseen Hope,"Animation, Action, Adventure            ",24 min,2020,9.5,"1,581"
 One Piece: Wan pîsu,Hakai-teki! Ichigeki Hissatsu no Raimei Hakke!,"Animation, Action, Adventure            ",N/A,2019,9.5,"1,662"
 One Piece: Wan pîsu,Finally Clashing! The Ferocious Luffy vs. Kaido!,"Animation, Action, Adventure            ",N/A,2019,9.5,"1,837"
 The Chosen,The Wedding Gift,"Drama, History            ",54 min,2019,9.5,"1,008"
 Avatar: The Last Airbender,Day of the Black Sun,"Animation, Action, Adventure            ",22 min,2007,9.5,"3,787"
 One Piece: Wan pîsu,Everyone is Annihilated! Kaido's Furious Blast Breath!,"Animation, Action, Adventure            ",N/A,2019,9.5,"1,356"
 One Piece: Wan pîsu,"The Strongest Man in the World! Shutenmaru, the Thieves Brigade Chief!","Animation, Action, Adventure            ",N/A,2019,9.5,"1,418"
 Vinland Saga,Reunion,"Animation, Action, Adventure            ",24 min,2019,9.5,"1,396"
 Avatar: The Last Airbender,The Avatar and the Fire Lord,"Animation, Action, Adventure            ",25 min,2007,9.5,"4,330"
 Vinland Saga,Servant,"Animation, Action, Adventure            ",24 min,2019,9.5,"1,429"
 One Piece: Wan pîsu,Defeat is Inevitable! The Strawman's Fierce Attack!,"Animation, Action, Adventure            ",24 min,2019,9.5,"1,285"
 Shingeki no Kyojin,The Other Side of the Sea,"Animation, Action, Adventure            ",24 min,2020,9.5,"30,309"
 Rick and Morty,The Vat of Acid Episode,"Animation, Adventure, Comedy            ",22 min,2020,9.5,"12,437"
 One Piece: Wan pîsu,He'll Come! The Legend of Ace in the Land of Wano!,"Animation, Action, Adventure            ",N/A,2019,9.5,"1,170"
 One Piece: Wan pîsu,Arigatou Merry! Yuki ni Kemuru Wakare no Umi,"Animation, Action, Adventure            ",N/A,2007,9.5,"1,767"
 One Piece: Wan pîsu,Wano Country! To the Land of Dancing Sakura and Samurai,"Animation, Action, Adventure            ",N/A,2019,9.5,"1,658"
 Vinland Saga,The Journey Begins,"Animation, Action, Adventure            ",24 min,2019,9.5,"1,644"
 Dark,Endings and Beginnings,"Crime, Drama, Mystery            ",57 min,2019,9.5,"13,464"
 Dark,The Travelers,"Crime, Drama, Mystery            ",60 min,2019,9.5,"11,841"
 One Piece: Wan pîsu,Ikitai to Ie! Oretachi wa Nakama Da!!,"Animation, Action, Adventure            ",N/A,2006,9.5,"1,809"
 This Is Us,The Cabin,"Comedy, Drama, Romance            ",43 min,2020,9.5,"1,825"
 Supernatural,Mystery Spot,"Drama, Fantasy, Horror            ",55 min,2008,9.5,"7,601"
 The Office,Dinner Party,Comedy            ,30 min,2008,9.5,"8,868"
 Cobra Kai,December 19,"Action, Comedy, Drama            ",41 min,2021,9.5,"5,424"
 One Piece: Wan pîsu,Luffy VS Usopp! Butsukaru Otoko no Iji,"Animation, Action, Adventure            ",N/A,2005,9.5,"1,548"
 Kôdo giasu - Hangyaku no rurûshu: Code Geass - Lelouch of the Rebellion,Chizome no euphie,"Animation, Action, Drama            ",24 min,2007,9.5,"1,281"
 One Piece: Wan pîsu,Koeteiku! Arabasta ni Ame ga Furu!,"Animation, Action, Adventure            ",N/A,2002,9.5,"1,567"
 Supernatural,All Hell Breaks Loose: Part 2,"Drama, Fantasy, Horror            ",55 min,2007,9.5,"6,266"
 How I Met Your Mother,Slap Bet,"Comedy, Romance            ",23 min,2006,9.5,"6,922"
 South Park,"Make Love, Not Warcraft","Animation, Comedy            ",22 min,2006,9.5,"7,509"
 The IT Crowd,The Work Outing,Comedy            ,24 min,2007,9.5,"5,030"
 SpongeBob SquarePants,Nasty Patty/Idiot Box,"Animation, Comedy, Family            ",23 min,2002,9.5,"1,240"
 The Wire,Final Grades,"Crime, Drama, Thriller            ",79 min,2006,9.5,"4,527"
 House M.D.,No Reason,"Drama, Mystery            ",44 min,2006,9.5,"4,834"
 Futurama,The Luck of the Fryrish,"Animation, Adventure, Comedy            ",23 min,2001,9.5,"4,386"
 Grey's Anatomy,As We Know It,"Drama, Romance            ",60 min,2006,9.5,"2,668"
 The West Wing,In the Shadow of Two Gunmen: Part I,Drama            ,43 min,2000,9.5,"1,468"
 Stargate SG-1,Window of Opportunity,"Action, Adventure, Drama            ",44 min,2000,9.5,"2,376"
 Stargate SG-1,Lost City: Part 2,"Action, Adventure, Drama            ",44 min,2004,9.5,"1,364"
 Star Trek: The Next Generation,The Inner Light,"Action, Adventure, Sci-Fi            ",45 min,1992,9.5,"6,771"
 Star Trek: Deep Space Nine,In the Pale Moonlight,"Action, Adventure, Drama            ",46 min,1998,9.5,"3,439"
 Smallville,Reckoning,"Adventure, Drama, Romance            ",43 min,2006,9.5,"1,815"
 Six Feet Under,Ecotone,"Comedy, Drama            ",60 min,2005,9.5,"2,132"
 Seinfeld,The Soup Nazi,Comedy            ,23 min,1995,9.5,"5,442"
 Seinfeld,The Contest,Comedy            ,23 min,1992,9.5,"7,084"
 Kaubôi bibappu,The Real Folk Blues: Part 2,"Animation, Action, Adventure            ",25 min,1999,9.5,"3,022"
 Grey's Anatomy,It's the End of the World,"Drama, Romance            ",60 min,2006,9.5,"2,737"
 Friends,The One with the Embryos,"Comedy, Romance            ",22 min,1998,9.5,"8,100"
 Frasier,Ham Radio,Comedy            ,23 min,1997,9.5,"1,561"
 Buffy the Vampire Slayer,The Gift,"Action, Drama, Fantasy            ",44 min,2001,9.5,"4,366"
 Blackadder Goes Forth,Goodbyeee,"Comedy, War            ",30 min,1989,9.5,"1,536"
 One Piece: Wan pîsu,Time for Farewell! Pudding's One Last Request!,"Animation, Action, Adventure            ",N/A,2019,9.4,"1,572"
 The Chosen,Jesus Loves the Little Children,"Drama, History            ",30 min,2019,9.4,"1,033"
 The Handmaid's Tale,Mayday,"Drama, Sci-Fi, Thriller            ",65 min,2019,9.4,"5,583"
 Cobra Kai,No Mercy,"Action, Comedy, Drama            ",34 min,2019,9.4,"5,502"
 Yakusoku no Neverland,130146,"Animation, Action, Adventure            ",23 min,2019,9.4,"1,621"
 One Piece: Wan pîsu,Sulong! Carrot's Big Mystic Transformation!,"Animation, Action, Adventure            ",N/A,2018,9.4,"1,012"
 Chernobyl,The Happiness of All Mankind,"Drama, History, Thriller            ",67 min,2019,9.4,"42,890"
 Ozark,Fire Pink,"Crime, Drama, Thriller            ",62 min,2020,9.4,"6,620"
 Travelers,David,"Drama, Mystery, Sci-Fi            ",46 min,2018,9.4,"1,368"
 Barry,berkman > block,"Action, Comedy, Crime            ",35 min,2019,9.4,"2,914"
 Wynonna Earp,Better Dig Two,"Action, Drama, Fantasy            ",43 min,2021,9.4,"1,043"
 Wynonna Earp,Life Turned Her That Way,"Action, Drama, Fantasy            ",43 min,2021,9.4,"1,059"
 Wynonna Earp,Holy War: Part 2,"Action, Drama, Fantasy            ",43 min,2020,9.4,"1,217"
 Better Call Saul,Something Unforgivable,"Crime, Drama            ",59 min,2020,9.4,"10,207"
 Better Call Saul,Wexler v. Goodman,"Crime, Drama            ",50 min,2020,9.4,"8,682"
 Yellowstone,Resurrection Day,"Drama, Western            ",48 min,2019,9.4,"1,967"
 Shingeki no Kyojin,Bystander,"Animation, Action, Adventure            ",24 min,2018,9.4,"12,589"
 Shingeki no Kyojin,Friends,"Animation, Action, Adventure            ",24 min,2018,9.4,"12,305"
 What We Do in the Shadows,The Trial,"Comedy, Fantasy, Horror            ",26 min,2019,9.4,"3,479"
 Steven Universe,Now We're Only Falling Apart,"Animation, Action, Adventure            ",11 min,2018,9.4,"1,242"
 La casa de papel,La deriva,"Action, Crime, Drama            ",57 min,2019,9.4,"12,943"
 The Walking Dead,The Calm Before,"Drama, Horror, Thriller            ",58 min,2019,9.4,"11,655"
 The Haunting of Hill House,Two Storms,"Drama, Horror, Mystery            ",57 min,2018,9.4,"11,153"
 The Crown,Aberfan,"Biography, Drama, History            ",55 min,2019,9.4,"5,932"
 Violet Evergarden,Nameless,"Animation, Drama, Fantasy            ",24 min,2018,9.4,"1,259"
 Veep,Veep,Comedy            ,46 min,2019,9.4,"1,665"
 Dragon Ball Super: Doragon bôru cho,An Unprecedented Super Showdown! The Ultimate Survival Battle!!,"Animation, Action, Adventure            ",24 min,2018,9.4,"1,192"
 The Heroes,Knight in Black,"Animation, Drama, History            ",N/A,2017,9.4,"18,772"
 Mr. Robot,401 Unauthorized,"Crime, Drama, Thriller            ",60 min,2019,9.4,"7,554"
 Elementary,"Whatever Remains, However Improbable","Crime, Drama, Mystery            ",42 min,2018,9.4,"1,205"
 The Heroes,Pahlavan Heydar's Kabbadeh,"Animation, Drama, History            ",N/A,2008,9.4,"13,477"
 Star Wars: Rebels,Jedi Night,"Animation, Action, Adventure            ",22 min,2018,9.4,"2,197"
 Star Wars: Rebels,Family Reunion - and Farewell,"Animation, Action, Adventure            ",47 min,2018,9.4,"2,201"
 Arrow,The Slabside Redemption,"Action, Adventure, Crime            ",41 min,2018,9.4,"3,332"
 The Blacklist,Ian Garvey (No. 13),"Crime, Drama, Mystery            ",43 min,2017,9.4,"2,704"
 Shadowhunters: The Mortal Instruments,Erchomai,"Action, Drama, Fantasy            ",43 min,2018,9.4,"2,298"
 Sense8,You Want a War?,"Drama, Mystery, Sci-Fi            ",57 min,2017,9.4,"3,773"
 La casa de papel,Bella ciao,"Action, Crime, Drama            ",43 min,2017,9.4,"9,712"
 Daredevil,One Last Shot,"Action, Crime, Drama            ",55 min,2018,9.4,"5,820"
 Fleabag,Episode #2.6,"Comedy, Drama            ",26 min,2019,9.4,"4,477"
 Shingeki no Kyojin,Historia,"Animation, Action, Adventure            ",24 min,2017,9.4,"11,773"
 Shingeki no Kyojin,Heishi,"Animation, Action, Adventure            ",24 min,2017,9.4,"11,337"
 The Expanse,Abaddon's Gate,"Drama, Mystery, Sci-Fi            ",41 min,2018,9.4,"3,515"
 The Expanse,Triple Point,"Drama, Mystery, Sci-Fi            ",43 min,2018,9.4,"3,648"
 BoJack Horseman,The Old Sugarman Place,"Animation, Comedy, Drama            ",25 min,2017,9.4,"5,423"
 Star Wars: Rebels,Twin Suns,"Animation, Action, Adventure            ",22 min,2017,9.4,"2,612"
 This Is Us,That'll Be the Day,"Comedy, Drama, Romance            ",43 min,2018,9.4,"3,090"
 JoJo no kimyô-na bôken,"Crazy Diamond Is Unbreakable, Part 1","Animation, Action, Adventure            ",23 min,2016,9.4,"1,079"
 Master of None,Thanksgiving,"Comedy, Drama            ",34 min,2017,9.4,"2,862"
 The Last Kingdom,Episode #2.8,"Action, Drama, History            ",59 min,2017,9.4,"2,763"
 Code Black,Ave Maria,Drama            ,42 min,2016,9.4,"1,037"
 12 Monkeys,Witness,"Adventure, Drama, Mystery            ",45 min,2017,9.4,"1,124"
 Legion,Chapter 7,"Action, Drama, Sci-Fi            ",46 min,2017,9.4,"4,534"
 Bosch,Book of the Unclaimed Dead,"Crime, Drama            ",52 min,2018,9.4,"1,320"
 Planet Earth II,Islands,Documentary            ,51 min,2016,9.4,"4,574"
 Regular Show,Space Escape,"Animation, Action, Adventure            ",11 min,2016,9.4,"2,109"
 Regular Show,The Space Race,"Animation, Action, Adventure            ",11 min,2016,9.4,"2,052"
 Narcos,Todos Los Hombres del Presidente,"Biography, Crime, Drama            ",47 min,2017,9.4,"4,134"
 Stranger Things,Chapter Nine: The Gate,"Drama, Fantasy, Horror            ",62 min,2017,9.4,"20,015"
 The Originals,The Feast of All Sinners,"Drama, Fantasy, Horror            ",42 min,2017,9.4,"1,272"
 Steven Universe,Storm in the Room,"Animation, Action, Adventure            ",11 min,2017,9.4,"1,423"
 Steven Universe,Steven's Dream,"Animation, Action, Adventure            ",11 min,2017,9.4,"1,310"
 Code Black,Demons and Angels,Drama            ,42 min,2016,9.4,"1,057"
 The Man in the High Castle,Fallout,"Drama, Sci-Fi, Thriller            ",59 min,2016,9.4,"2,824"
 Steven Universe,Earthlings,"Animation, Action, Adventure            ",11 min,2016,9.4,"1,404"
 Regular Show,Rigby's Graduation Day Special,"Animation, Action, Adventure            ",22 min,2016,9.4,"2,264"
 Game of Thrones,The Dragon and the Wolf,"Action, Adventure, Drama            ",80 min,2017,9.4,"62,556"
 Narcos,"The Good, the Bad, and the Dead","Biography, Crime, Drama            ",56 min,2016,9.4,"5,666"
 The Vampire Diaries,I Was Feeling Epic,"Drama, Fantasy, Horror            ",42 min,2017,9.4,"3,657"
 Boku no hîrô akademia,All Might,"Animation, Action, Adventure            ",24 min,2016,9.4,"1,817"
 One Piece: Wan pîsu,Saikyou no Seibutsu: Yonkou - Hyakujuu no Kaidou,"Animation, Action, Adventure            ",N/A,2016,9.4,"1,090"
 Shadowhunters: The Mortal Instruments,Beside Still Water,"Action, Drama, Fantasy            ",41 min,2017,9.4,"2,194"
 Supernatural,Don't Call Me Shurley,"Drama, Fantasy, Horror            ",42 min,2016,9.4,"5,946"
 Grimm,Beginning of the End: Part 2,"Crime, Drama, Fantasy            ",42 min,2016,9.4,"1,316"
 Adventure Time,The Hall of Egress,"Animation, Action, Adventure            ",11 min,2016,9.4,"1,420"
 Steven Universe,Message Received,"Animation, Action, Adventure            ",11 min,2016,9.4,"1,465"
 Code Black,The Fifth Stage,Drama            ,42 min,2016,9.4,"1,074"
 Westworld,The Well-Tempered Clavier,"Drama, Mystery, Sci-Fi            ",58 min,2016,9.4,"18,224"
 Suits,25th Hour,"Comedy, Drama            ",45 min,2016,9.4,"3,502"
 Suits,Self Defense,"Comedy, Drama            ",42 min,2016,9.4,"2,495"
 Adventure Time,Stakes Part 2: Everything Stays,"Animation, Action, Adventure            ",11 min,2015,9.4,"1,419"
 Suits,Blowback,"Comedy, Drama            ",45 min,2016,9.4,"2,954"
 Gravity Falls,Dipper and Mabel vs. the Future,"Animation, Action, Adventure            ",23 min,2015,9.4,"2,190"
 Code Black,Doctors with Borders,Drama            ,43 min,2015,9.4,"1,145"
 TVF Pitchers,Where Magic Happens,"Comedy, Drama            ",N/A,2015,9.4,"1,014"
 Teen Wolf,Memory Lost,"Action, Drama, Fantasy            ",41 min,2016,9.4,"1,689"
 One Piece: Wan pîsu,Toki Sameru! Op-Op no Mi o Ubae!,"Animation, Action, Adventure            ",N/A,2015,9.4,"1,003"
 The Flash,Enter Zoom,"Action, Adventure, Drama            ",42 min,2015,9.4,"7,288"
 BoJack Horseman,Escape from L.A.,"Animation, Comedy, Drama            ",25 min,2015,9.4,"5,465"
 Rick and Morty,The Wedding Squanchers,"Animation, Adventure, Comedy            ",23 min,2015,9.4,"13,774"
 House of Cards,Chapter 43,Drama            ,43 min,2016,9.4,"4,423"
 Suits,Hitting Home,"Comedy, Drama            ",44 min,2015,9.4,"2,779"
 Steven Universe,We Need to Talk,"Animation, Action, Adventure            ",11 min,2015,9.4,"1,509"
 Twin Peaks,Part 17,"Crime, Drama, Horror            ",59 min,2017,9.4,"4,150"
 Person of Interest,Sotto Voce,"Action, Crime, Drama            ",44 min,2016,9.4,"3,125"
 Stranger Things,Chapter Eight: The Upside Down,"Drama, Fantasy, Horror            ",54 min,2016,9.4,"20,986"
 The Leftovers,A Most Powerful Adversary,"Drama, Fantasy, Mystery            ",57 min,2015,9.4,"5,280"
 The Jinx: The Life and Deaths of Robert Durst,"""What the Hell Did I Do?""","Documentary, Crime, Mystery            ",38 min,2015,9.4,"1,068"
 Outlander,Faith,"Drama, Fantasy, Romance            ",63 min,2016,9.4,"3,895"
 Better Call Saul,Nailed,"Crime, Drama            ",49 min,2016,9.4,"8,528"
 Steven Universe,On the Run,"Animation, Action, Adventure            ",11 min,2015,9.4,"1,546"
 One Piece: Wan pîsu,Densetsu Fukkatsu! Kyros Konshin no Ichigeki,"Animation, Action, Adventure            ",N/A,2015,9.4,"1,049"
 Justified,Fugitive Number One,"Action, Crime, Drama            ",44 min,2015,9.4,"1,273"
 Shingeki no Kyojin,Beast Titan,"Animation, Action, Adventure            ",24 min,2017,9.4,"12,442"
 Forever,The Night in Question,"Crime, Drama, Fantasy            ",43 min,2015,9.4,"1,363"
 Deadtime Stories,Who's Giggling Now?,"Family, Fantasy, Horror            ",23 min,2014,9.4,"1,334"
 Person of Interest,Control-Alt-Delete,"Action, Crime, Drama            ",43 min,2015,9.4,"3,276"
 The Flash,The Trap,"Action, Adventure, Drama            ",42 min,2015,9.4,"7,053"
 Daredevil,Daredevil,"Action, Crime, Drama            ",56 min,2015,9.4,"11,389"
 Agents of S.H.I.E.L.D.,S.O.S. Part 2,"Action, Adventure, Drama            ",43 min,2015,9.4,"4,417"
 Game of Thrones,Home,"Action, Adventure, Drama            ",54 min,2016,9.4,"45,809"
 Hannibal,Digestivo,"Crime, Drama, Horror            ",44 min,2015,9.4,"5,976"
 Tokyo Ghoul,Ghoul,"Animation, Action, Drama            ",25 min,2014,9.4,"1,632"
 Hunter x Hunter,Past X and X Future,"Animation, Action, Adventure            ",N/A,2014,9.4,"1,389"
 Homeland,13 Hours in Islamabad,"Crime, Drama, Mystery            ",46 min,2014,9.4,"4,462"
 BoOzy' OS,Interdit aux PoOlets,"Animation, Action, Adventure            ",N/A,2009,9.4,"1,434"
 Sons of Anarchy,Red Rose,"Crime, Drama, Thriller            ",77 min,2014,9.4,"3,631"
 The Knick,This Is All We Are,"Drama, History            ",56 min,2015,9.4,"1,243"
 Longmire,Ashes to Ashes,"Action, Crime, Drama            ",48 min,2014,9.4,"1,021"
 Outlander,The Devil's Mark,"Drama, Fantasy, Romance            ",59 min,2015,9.4,"4,756"
 White Collar,Au Revoir,"Comedy, Crime, Drama            ",47 min,2014,9.4,"1,981"
 Ray Donovan,Walk This Way,"Crime, Drama            ",56 min,2014,9.4,"1,846"
 The Leftovers,The Prodigal Son Returns,"Drama, Fantasy, Mystery            ",53 min,2014,9.4,"5,840"
 The Newsroom,Oh Shenandoah,Drama            ,56 min,2014,9.4,"1,971"
 Suits,No Way Out,"Comedy, Drama            ",45 min,2014,9.4,"3,114"
 Adventure Time,Escape from the Citadel,"Animation, Action, Adventure            ",10 min,2014,9.4,"1,603"
 Person of Interest,Beta,"Action, Crime, Drama            ",43 min,2014,9.4,"2,872"
 Fargo,Morton's Fork,"Crime, Drama, Thriller            ",64 min,2014,9.4,"9,517"
 Fargo,"A Fox, a Rabbit, and a Cabbage","Crime, Drama, Thriller            ",51 min,2014,9.4,"9,036"
 Parks and Recreation,Moving Up: Part 2,Comedy            ,22 min,2014,9.4,"2,674"
 Silicon Valley,Optimal Tip-To-Tip Efficiency,Comedy            ,29 min,2014,9.4,"3,605"
 Person of Interest,RAM,"Action, Crime, Drama            ",44 min,2014,9.4,"3,255"
 The Good Wife,"Dramatics, Your Honor","Crime, Drama, Mystery            ",40 min,2014,9.4,"1,375"
 Hunter x Hunter,Revenge × and × Recovery,"Animation, Action, Adventure            ",23 min,2014,9.4,"1,424"
 Shameless,Emily,"Comedy, Drama            ",49 min,2014,9.4,"2,566"
 Teen Wolf,Riddled,"Action, Drama, Fantasy            ",42 min,2014,9.4,"1,915"
 Regular Show,New Year's Kiss,"Animation, Action, Adventure            ",11 min,2013,9.4,"2,047"
 Regular Show,The Thanksgiving Special,"Animation, Action, Adventure            ",21 min,2013,9.4,"2,096"
 Rick and Morty,Close Rick-counters of the Rick Kind,"Animation, Adventure, Comedy            ",23 min,2014,9.4,"14,544"
 The Originals,The Battle of New Orleans,"Drama, Fantasy, Horror            ",42 min,2014,9.4,"1,773"
 Community,Geothermal Escapism,Comedy            ,20 min,2014,9.4,"4,729"
 Sons of Anarchy,Aon Rud Persanta,"Crime, Drama, Thriller            ",64 min,2013,9.4,"2,787"
 Boardwalk Empire,Farewell Daddy Blues,"Crime, Drama, History            ",57 min,2013,9.4,"2,534"
 Shingeki no Kyojin,"Mercy: Raid on Stohess District, Part 2","Animation, Action, Adventure            ",24 min,2013,9.4,"11,473"
 Regular Show,Steak Me Amadeus,"Animation, Action, Adventure            ",11 min,2013,9.4,"2,175"
 Hunter x Hunter,Light X and X Darkness,"Animation, Action, Adventure            ",23 min,2013,9.4,"1,296"
 Hunter x Hunter,A × Brutal × Battlefield,"Animation, Action, Adventure            ",23 min,2012,9.4,"1,434"
 Hunter x Hunter,Assault × and × Impact,"Animation, Action, Adventure            ",24 min,2012,9.4,"1,285"
 Banshee,Bullets and Tears,"Action, Crime, Drama            ",60 min,2014,9.4,"2,215"
 Shingeki no Kyojin,"I Can Hear His Heartbeat: The Struggle for Trost, Part 4","Animation, Action, Adventure            ",24 min,2013,9.4,"12,395"
 Shingeki no Kyojin,"First Battle: The Struggle for Trost, Part 1","Animation, Action, Adventure            ",24 min,2013,9.4,"13,675"
 Doctor Who,The Day of the Doctor,"Adventure, Drama, Sci-Fi            ",77 min,2013,9.4,"17,979"
 Arrow,Sacrifice,"Action, Adventure, Crime            ",42 min,2013,9.4,"7,881"
 Castle,Hunt,"Comedy, Crime, Drama            ",41 min,2013,9.4,"1,989"
 Person of Interest,Relevance,"Action, Crime, Drama            ",44 min,2013,9.4,"4,054"
 Generator Rex,Endgame Part 1,"Animation, Action, Adventure            ",23 min,2013,9.4,"1,194"
 Person of Interest,Dead Reckoning,"Action, Crime, Drama            ",44 min,2013,9.4,"3,120"
 How I Met Your Mother,The Final Page: Part Two,"Comedy, Romance            ",22 min,2012,9.4,"6,604"
 Adventure Time,Jake the Dog,"Animation, Action, Adventure            ",10 min,2012,9.4,"1,698"
 Young Justice,Before the Dawn,"Animation, Action, Adventure            ",22 min,2013,9.4,"1,962"
 Fringe,An Enemy of Fate,"Drama, Mystery, Sci-Fi            ",43 min,2013,9.4,"3,346"
 Young Justice,Satisfaction,"Animation, Action, Adventure            ",22 min,2012,9.4,"1,970"
 Sons of Anarchy,J'ai Obtenu Cette,"Crime, Drama, Thriller            ",60 min,2012,9.4,"2,595"
 Boardwalk Empire,Margate Sands,"Crime, Drama, History            ",60 min,2012,9.4,"2,448"
 Generator Rex,A Brief History of Time,"Animation, Action, Adventure            ",23 min,2012,9.4,"1,245"
 One Piece: Wan pîsu,Sentou Kaishi! Misero Shugyou no Seika!,"Animation, Action, Adventure            ",N/A,2011,9.4,"1,111"
 Steins;Gate,Open the Steins Gate,"Animation, Comedy, Drama            ",25 min,2011,9.4,"1,377"
 Spartacus: Blood and Sand,Wrath of the Gods,"Action, Adventure, Biography            ",59 min,2012,9.4,"4,169"
 Generator Rex,Ben 10/Generator Rex: Heroes United,"Animation, Action, Adventure            ",48 min,2011,9.4,"1,137"
 Game of Thrones,Valar Morghulis,"Action, Adventure, Drama            ",64 min,2012,9.4,"32,993"
 Star Wars: The Clone Wars,Carnage of Krell,"Animation, Action, Adventure            ",23 min,2011,9.4,"3,424"
 Regular Show,Terror Tales of the Park,"Animation, Action, Adventure            ",22 min,2011,9.4,"2,255"
 Mad Men,Commissions and Fees,Drama            ,48 min,2012,9.4,"2,809"
 Mad Men,The Other Woman,Drama            ,48 min,2012,9.4,"2,989"
 Young Justice,Terrors,"Animation, Action, Adventure            ",22 min,2011,9.4,"2,085"
 Generator Rex,Written in Sand,"Animation, Action, Adventure            ",23 min,2011,9.4,"1,003"
 Castle,Knockout,"Comedy, Crime, Drama            ",43 min,2011,9.4,"1,958"
 Young Justice,Bereft,"Animation, Action, Adventure            ",22 min,2011,9.4,"2,124"
 One Piece: Wan pîsu,Akainu no Shuunen! Luffy o Osou Magma no Kobushi,"Animation, Action, Adventure            ",N/A,2011,9.4,"1,099"
 The Office,Garage Sale,Comedy            ,30 min,2011,9.4,"5,984"
 The Office,Threat Level Midnight,Comedy            ,30 min,2011,9.4,"7,745"
 One Piece: Wan pîsu,Yakusoku no Tame ni!! Gekitou! Luffy to Coby,"Animation, Action, Adventure            ",N/A,2010,9.4,"1,095"
 One Piece: Wan pîsu,Saishuu Kyokumen Totsunyuu! Shirohige Kishikaisei no Itte,"Animation, Action, Adventure            ",N/A,2010,9.4,"1,073"
 One Piece: Wan pîsu,Luffy Chikaratsuku! Oris Hiroba no Souryokusen!!,"Animation, Action, Adventure            ",N/A,2010,9.4,"1,050"
 Regular Show,Ello Gov'nor,"Animation, Action, Adventure            ",11 min,2010,9.4,"2,370"
 Generator Rex,"Promises, Promises","Animation, Action, Adventure            ",23 min,2010,9.4,"1,187"
 Regular Show,Prank Callers,"Animation, Action, Adventure            ",11 min,2010,9.4,"2,339"
 One Piece: Wan pîsu,Kengou Mihawk Luffy ni Semaru Kokutou no Zangeki,"Animation, Action, Adventure            ",N/A,2010,9.4,"1,042"
 One Piece: Wan pîsu,Gekisen no Renzoku! Nouryokusha Gundan VS Nouryokusha Gundan,"Animation, Action, Adventure            ",N/A,2010,9.4,"1,081"
 Regular Show,Death Punchies,"Animation, Action, Adventure            ",11 min,2010,9.4,"2,380"
 Demon Slayer: Kimetsu No Yaiba,Gathering,"Animation, Action, Adventure            ",24 min,2022,9.4,"6,000"
 One Piece: Wan pîsu,Shousha dake ga Seigi Hatsudou! Sengoku no Sakusen!,"Animation, Action, Adventure            ",N/A,2010,9.4,"1,069"
 One Piece: Wan pîsu,Subete o Yakitsukusu!! Taishou Akainu no Chikara!,"Animation, Action, Adventure            ",N/A,2010,9.4,"1,093"
 One Piece: Wan pîsu,Kessen no Makuake! Ace to Shirohige no Kako,"Animation, Action, Adventure            ",N/A,2010,9.4,"1,163"
 Generator Rex,Breach,"Animation, Action, Adventure            ",23 min,2010,9.4,"1,275"
 Generator Rex,Frostbite,"Animation, Action, Adventure            ",24 min,2010,9.4,"1,014"
 One Piece: Wan pîsu,Okose Saigo no Kiseki: Seigi no Mon o Toppa Seyo,"Animation, Action, Adventure            ",N/A,2010,9.4,"1,079"
 Psych,Dual Spires,"Comedy, Crime, Mystery            ",55 min,2010,9.4,"1,973"
 Justified,Bloody Harlan,"Action, Crime, Drama            ",43 min,2011,9.4,"1,649"
 Community,Conspiracy Theories and Interior Design,Comedy            ,22 min,2010,9.4,"5,566"
 Hagane no renkinjutsushi,Rekka no saki ni,"Animation, Action, Adventure            ",30 min,2010,9.4,"1,758"
 Chuck,Chuck Versus the Subway,"Action, Comedy, Drama            ",42 min,2010,9.4,"1,329"
 Futurama,The Late Philip J. Fry,"Animation, Adventure, Comedy            ",22 min,2010,9.4,"3,578"
 Smallville,Salvation,"Adventure, Drama, Romance            ",42 min,2010,9.4,"1,134"
 One Piece: Wan pîsu,Raid! Inheriting Oden's Will,"Animation, Action, Adventure            ",24 min,2021,9.4,"2,699"
 Arcane: League of Legends,The Boy Savior,"Animation, Action, Adventure            ",40 min,2021,9.4,"9,512"
 Arcane: League of Legends,Oil and Water,"Animation, Action, Adventure            ",40 min,2021,9.4,"9,258"
 Arcane: League of Legends,When These Walls Come Tumbling Down,"Animation, Action, Adventure            ",42 min,2021,9.4,"10,166"
 Succession,Chiantishire,Drama            ,65 min,2021,9.4,"3,780"
 How I Met Your Mother,The Playbook,"Comedy, Romance            ",30 min,2009,9.4,"6,429"
 Boku no hîrô akademia,Tomura Shigaraki: Origin,"Animation, Action, Adventure            ",24 min,2021,9.4,"1,016"
 Monk,Mr. Monk and the End: Part 2,"Comedy, Crime, Drama            ",44 min,2009,9.4,"1,660"
 It's Always Sunny in Philadelphia,The D.E.N.N.I.S. System,Comedy            ,22 min,2009,9.4,"3,490"
 One Piece: Wan pîsu,Kaido's Trump Card - Introducing the Tobi Roppo,"Animation, Action, Adventure            ",24 min,2021,9.4,"6,553"
 Tokyo Revengers,Once Upon A Time,"Animation, Action, Crime            ",24 min,2021,9.4,"1,010"
 One Piece: Wan pîsu,A New Member! Knight of the Sea Jinbe!,"Animation, Action, Adventure            ",N/A,2021,9.4,"2,157"
 One Piece: Wan pîsu,A Tearful Promise! The Kidnapped Momonosuke!,"Animation, Action, Adventure            ",N/A,2021,9.4,"1,926"
 The Office,Niagara: Part 1,Comedy            ,30 min,2009,9.4,"6,657"
 One Piece: Wan pîsu,The Worst Generation Charges in! The Battle of the Stormy Sea,"Animation, Action, Adventure            ",24 min,2021,9.4,"3,027"
 Young Royals,Episode #1.5,"Drama, Romance            ",46 min,2021,9.4,"1,394"
 Broken But Beautiful,Love and all other drugs,"Drama, Romance            ",N/A,2021,9.4,"4,996"
 One Piece: Wan pîsu,The Sea Is For Pirates! Raid! To Onigashima,"Animation, Action, Adventure            ",24 min,2021,9.4,"2,903"
 One Piece: Wan pîsu,Oden Wouldn't Be Oden If It Wasn't Boiled!,"Animation, Action, Adventure            ",24 min,2021,9.4,"3,861"
 Shingeki no Kyojin,Sneak Attack,"Animation, Action, Adventure            ",24 min,2022,9.4,"27,060"
 The Book of Boba Fett,Chapter 6: From the Desert Comes a Stranger,"Action, Adventure, Sci-Fi            ",47 min,2022,9.4,"20,191"
 Aspirants,Positive Approach Rakh Yaar,Drama            ,45 min,2021,9.4,"6,035"
 Dexter,Hungry Man,"Crime, Drama, Mystery            ",51 min,2009,9.4,"5,712"
 Cobra Kai,The Rise,"Action, Comedy, Drama            ",46 min,2021,9.4,"3,349"
 One Piece: Wan pîsu,The Moment of Conclusion! Oden vs. Kaido!,"Animation, Action, Adventure            ",24 min,2021,9.4,"3,302"
 One Piece: Wan pîsu,Raid! Oden and the Nine Red Scabbards,"Animation, Action, Adventure            ",N/A,2021,9.4,"2,258"
 One Piece: Wan pîsu,Sad News: The Opening of the Great Pirate Era,"Animation, Action, Adventure            ",N/A,2021,9.4,"2,178"
 One Piece: Wan pîsu,To Wano Country! The Roger Pirates Disband,"Animation, Action, Adventure            ",N/A,2021,9.4,"2,519"
 Californication,The Apartment,"Comedy, Drama            ",29 min,2009,9.4,"2,008"
 One Piece: Wan pîsu,Roger to Rayleigh: Kaizoku Ou to Sono Migiude,"Animation, Action, Adventure            ",N/A,2009,9.4,"1,130"
 One Piece: Wan pîsu,The Pirate King is Born: Arriving at the Last Island!,"Animation, Action, Adventure            ",24 min,2021,9.4,"6,370"
 One Piece: Wan pîsu,Devoting His Life! Roger's Adventure,"Animation, Action, Adventure            ",24 min,2021,9.4,"2,950"
 One Piece: Wan pîsu,Roger's Wish! A New Journey!,"Animation, Action, Adventure            ",24 min,2021,9.4,"3,077"
 One Piece: Wan pîsu,Blades Crossed! Roger and Whitebeard!,"Animation, Action, Adventure            ",24 min,2021,9.4,"4,379"
 The Family Man,The Final Act,"Action, Comedy, Drama            ",60 min,2021,9.4,"4,466"
 The Family Man,Martyrs,"Action, Comedy, Drama            ",40 min,2021,9.4,"3,983"
 Brooklyn Nine-Nine,The Last Day Pt 1,"Comedy, Crime            ",22 min,2021,9.4,"2,298"
 Seolganghwa,Episode #1.1,"Crime, Drama, Romance            ",N/A,2021,9.4,"1,427"
 One Piece: Wan pîsu,We're Here to Win! Luffy's Desperate Scream!,"Animation, Action, Adventure            ",N/A,2020,9.4,"1,197"
 Scam 1992: The Harshad Mehta Story,Matador,"Biography, Crime, Drama            ",N/A,2020,9.4,"1,644"
 The Mandalorian,Chapter 13: The Jedi,"Action, Adventure, Fantasy            ",45 min,2020,9.4,"28,679"
 Sons of Anarchy,Na Triobloidi,"Crime, Drama, Thriller            ",62 min,2009,9.4,"3,160"
 Naruto,Namida no houkou! Omae wa ore no tomodachi da,"Animation, Action, Adventure            ",23 min,2005,9.4,"1,045"
 One Piece: Wan pîsu,A Big Turnover! The Three-Sword Style Overcomes Danger!,"Animation, Action, Adventure            ",N/A,2020,9.4,"1,667"
 The Walking Dead,No Other Way,"Drama, Horror, Thriller            ",N/A,2022,9.4,"3,094"
 Dark,Life and Death,"Crime, Drama, Mystery            ",64 min,2020,9.4,"12,600"
 Re:Zero kara hajimeru isekai seikatsu,Parent and Child,"Animation, Adventure, Drama            ",30 min,2020,9.4,"1,038"
 Band of Brothers,The Breaking Point,"Drama, History, War            ",69 min,2001,9.4,"7,412"
 She-Ra and the Princesses of Power,Failsafe,"Animation, Action, Adventure            ",24 min,2020,9.4,"1,113"
 Supernatural,Lazarus Rising,"Drama, Fantasy, Horror            ",55 min,2008,9.4,"7,498"
 Doctor Who,Silence in the Library,"Adventure, Drama, Sci-Fi            ",43 min,2008,9.4,"8,985"
 Steven Universe,I Am My Monster,"Animation, Action, Adventure            ",11 min,2020,9.4,"1,328"
 One Piece: Wan pîsu,Dashing! The Righteous Soba Mask!,"Animation, Action, Adventure            ",N/A,2020,9.4,"1,150"
 Psych,An Evening with Mr. Yang,"Comedy, Crime, Mystery            ",43 min,2009,9.4,"1,592"
 One Piece: Wan pîsu,The Capital in an Uproar! Another Assassin Targets Sanji!,"Animation, Action, Adventure            ",N/A,2020,9.4,"1,219"
 Mare of Easttown,Illusions,"Crime, Drama, Mystery            ",59 min,2021,9.4,"6,469"
 One Piece: Wan pîsu,The Holyland in Tumult! Emperor of the Sea Blackbeard Cackles!,"Animation, Action, Adventure            ",N/A,2020,9.4,"1,306"
 Lucifer,Is This Really How It's Going To End?!,"Crime, Drama, Fantasy            ",63 min,2021,9.4,"3,690"
 Lucifer,Spoiler Alert,"Crime, Drama, Fantasy            ",61 min,2020,9.4,"5,133"
 One Piece: Wan pîsu,Nazo no Bohyo - Oden Joseki de no Saikai!,"Animation, Action, Adventure            ",N/A,2019,9.4,"1,041"
 The Last Kingdom,Episode #4.4,"Action, Drama, History            ",51 min,2020,9.4,"2,331"
 Vinland Saga,Out of the Cradle,"Animation, Action, Adventure            ",24 min,2019,9.4,"1,466"
 Anne,What Can Stop the Determined Heart,"Drama, Family            ",44 min,2019,9.4,"1,905"
 BoJack Horseman,The Face of Depression,"Animation, Comedy, Drama            ",27 min,2019,9.4,"3,728"
 Star Wars: Rebels,Twilight of the Apprentice: Part 1,"Animation, Action, Adventure            ",22 min,2016,9.4,"1,464"
 One Piece: Wan pîsu,Otama Appears! Luffy vs. Kaido's Army!,"Animation, Action, Adventure            ",N/A,2019,9.4,"1,131"
 Samurai Jack,Episode XCII,"Animation, Action, Adventure            ",22 min,2017,9.4,"1,654"
 One Piece: Wan pîsu,Kishin Zoro! Kihaku ga Miseta Asura no Keshin,"Animation, Action, Adventure            ",N/A,2007,9.4,"1,117"
 Succession,Tern Haven,Drama            ,64 min,2019,9.4,"3,815"
 One Piece: Wan pîsu,Ohara no Higeki! Buster Call no Kyoufu,"Animation, Action, Adventure            ",N/A,2006,9.4,"1,112"
 One Piece: Wan pîsu,Kotaero Robin! Mugiwara Ichimi no Sakebi!!,"Animation, Action, Adventure            ",N/A,2006,9.4,"1,189"
 Why Women Kill,Kill Me as If It Were the Last Time,"Comedy, Crime, Drama            ",56 min,2019,9.4,"1,061"
 This Is Us,Strangers: Part Two,"Comedy, Drama, Romance            ",44 min,2020,9.4,"1,519"
 Supernatural,Jus in Bello,"Drama, Fantasy, Horror            ",55 min,2008,9.4,"5,911"
 The Office,"Goodbye, Toby",Comedy            ,42 min,2008,9.4,"6,000"
 One Piece: Wan pîsu,Gekka no Oogenka! Kanashimi ni Hirugaeru Kaizokuki!,"Animation, Action, Adventure            ",N/A,2005,9.4,"1,203"
 Dexter,Resistance Is Futile,"Crime, Drama, Mystery            ",50 min,2007,9.4,"5,505"
 Mythic Quest: Raven's Banquet,A Dark Quiet Death,Comedy            ,36 min,2020,9.4,"3,328"
 Shingeki no Kyojin,The Basement,"Animation, Action, Adventure            ",24 min,2019,9.4,"16,302"
 New Amsterdam,Luna,Drama            ,42 min,2019,9.4,"1,107"
 The Grand Tour,Funeral for a Ford,"Comedy, Sport, Talk-Show            ",55 min,2019,9.4,"1,680"
 One Piece: Wan pîsu,Ichioku no Otoko! Sekai Saikou Kenryoku to Kaizoku Kurohige,"Animation, Action, Adventure            ",N/A,2003,9.4,"1,379"
 Smallville,Justice,"Adventure, Drama, Romance            ",42 min,2007,9.4,"1,803"
 The Office,Casino Night,Comedy            ,29 min,2006,9.4,"7,177"
 Prison Break,Flight,"Action, Crime, Drama            ",60 min,2006,9.4,"5,626"
 Lost,"Live Together, Die Alone","Adventure, Drama, Fantasy            ",87 min,2006,9.4,"7,330"
 The X Files,Bad Blood,"Crime, Drama, Mystery            ",45 min,1998,9.4,"5,651"
 The West Wing,Noël,Drama            ,43 min,2000,9.4,"1,559"
 The West Wing,In the Shadow of Two Gunmen: Part II,Drama            ,41 min,2000,9.4,"1,267"
 Twin Peaks,Episode #2.7,"Crime, Drama, Mystery            ",47 min,1990,9.4,"5,134"
 Star Trek: The Next Generation,The Best of Both Worlds,"Action, Adventure, Sci-Fi            ",45 min,1990,9.4,"4,765"
 Star Trek: Deep Space Nine,Trials and Tribble-ations,"Action, Adventure, Drama            ",45 min,1996,9.4,"3,322"
 SpongeBob SquarePants,Graveyard Shift/Krusty Love,"Animation, Comedy, Family            ",23 min,2002,9.4,"1,200"
 South Park,The Return of the Fellowship of the Ring to the Two Towers,"Animation, Comedy            ",22 min,2002,9.4,"4,875"
 The Sopranos,The Knight in White Satin Armor,"Crime, Drama            ",61 min,2000,9.4,"6,027"
